,nodeid,osmid
0,0,42421728
1,1,42421731
2,2,42421737
3,3,42421741
4,4,42421745
5,5,42421749
6,6,42421751
7,7,42421769
8,8,42421772
9,9,42421775
10,10,42421776
11,11,42421778
12,12,42421783
13,13,42421785
14,14,42421786
15,15,42421791
16,16,42421800
17,17,42421803
18,18,42421806
19,19,42421809
20,20,42421810
21,21,42421828
22,22,42421852
23,23,42421857
24,24,42421865
25,25,42421877
26,26,42421889
27,27,42421969
28,28,42421972
29,29,42421974
30,30,42421982
31,31,42421985
32,32,42421993
33,33,42421996
34,34,42422000
35,35,42422006
36,36,42422016
37,37,42422026
38,38,42422028
39,39,42422038
40,40,42422042
41,41,42422086
42,42,42422110
43,43,42422168
44,44,42422283
45,45,42422449
46,46,42422509
47,47,42422592
48,48,42422899
49,49,42423020
50,50,42423039
51,51,42423051
52,52,42423101
53,53,42423116
54,54,42423170
55,55,42423189
56,56,42423203
57,57,42423295
58,58,42423296
59,59,42423307
60,60,42423456
61,61,42423514
62,62,42423549
63,63,42423564
64,64,42423565
65,65,42423674
66,66,42423752
67,67,42423774
68,68,42423836
69,69,42423885
70,70,42424025
71,71,42424089
72,72,42424117
73,73,42424133
74,74,42424142
75,75,42424145
76,76,42424225
77,77,42424235
78,78,42424408
79,79,42424439
80,80,42424531
81,81,42424551
82,82,42424576
83,83,42424610
84,84,42424619
85,85,42424630
86,86,42424641
87,87,42424672
88,88,42424679
89,89,42424698
90,90,42424701
91,91,42424703
92,92,42424706
93,93,42424757
94,94,42424758
95,95,42424789
96,96,42424851
97,97,42424864
98,98,42425088
99,99,42425100
100,100,42425127
101,101,42425232
102,102,42425242
103,103,42425348
104,104,42425417
105,105,42425425
106,106,42425484
107,107,42425570
108,108,42425681
109,109,42425747
110,110,42425758
111,111,42425780
112,112,42425955
113,113,42426060
114,114,42426089
115,115,42426135
116,116,42426374
117,117,42426418
118,118,42426665
119,119,42426799
120,120,42426805
121,121,42426810
122,122,42426816
123,123,42426851
124,124,42426865
125,125,42426875
126,126,42426928
127,127,42426931
128,128,42426957
129,129,42426968
130,130,42426971
131,131,42427009
132,132,42427016
133,133,42427030
134,134,42427036
135,135,42427070
136,136,42427086
137,137,42427112
138,138,42427115
139,139,42427122
140,140,42427126
141,141,42427128
142,142,42427133
143,143,42427136
144,144,42427139
145,145,42427143
146,146,42427146
147,147,42427150
148,148,42427152
149,149,42427156
150,150,42427159
151,151,42427164
152,152,42427168
153,153,42427185
154,154,42427190
155,155,42427196
156,156,42427206
157,157,42427212
158,158,42427216
159,159,42427236
160,160,42427242
161,161,42427278
162,162,42427300
163,163,42427305
164,164,42427307
165,165,42427311
166,166,42427316
167,167,42427319
168,168,42427322
169,169,42427324
170,170,42427327
171,171,42427335
172,172,42427337
173,173,42427340
174,174,42427345
175,175,42427346
176,176,42427352
177,177,42427358
178,178,42427369
179,179,42427371
180,180,42427374
181,181,42427381
182,182,42427386
183,183,42427390
184,184,42427411
185,185,42427412
186,186,42427423
187,187,42427426
188,188,42427427
189,189,42427477
190,190,42427483
191,191,42427519
192,192,42427523
193,193,42427531
194,194,42427538
195,195,42427649
196,196,42427735
197,197,42427742
198,198,42427744
199,199,42427750
200,200,42427762
201,201,42427764
202,202,42427768
203,203,42427769
204,204,42427773
205,205,42427780
206,206,42427782
207,207,42427786
208,208,42427787
209,209,42427797
210,210,42427805
211,211,42427812
212,212,42427821
213,213,42427834
214,214,42427844
215,215,42427846
216,216,42427849
217,217,42427852
218,218,42427855
219,219,42427859
220,220,42427863
221,221,42427867
222,222,42427870
223,223,42427873
224,224,42427877
225,225,42427881
226,226,42427883
227,227,42427888
228,228,42427891
229,229,42427894
230,230,42427915
231,231,42427965
232,232,42427968
233,233,42427970
234,234,42427972
235,235,42427975
236,236,42427979
237,237,42427985
238,238,42427991
239,239,42427996
240,240,42428003
241,241,42428005
242,242,42428007
243,243,42428010
244,244,42428012
245,245,42428013
246,246,42428014
247,247,42428015
248,248,42428016
249,249,42428020
250,250,42428022
251,251,42428024
252,252,42428027
253,253,42428029
254,254,42428032
255,255,42428034
256,256,42428037
257,257,42428039
258,258,42428043
259,259,42428045
260,260,42428047
261,261,42428049
262,262,42428052
263,263,42428061
264,264,42428063
265,265,42428065
266,266,42428068
267,267,42428080
268,268,42428082
269,269,42428086
270,270,42428090
271,271,42428094
272,272,42428103
273,273,42428107
274,274,42428114
275,275,42428124
276,276,42428130
277,277,42428134
278,278,42428144
279,279,42428170
280,280,42428174
281,281,42428179
282,282,42428183
283,283,42428192
284,284,42428198
285,285,42428201
286,286,42428206
287,287,42428212
288,288,42428216
289,289,42428220
290,290,42428223
291,291,42428227
292,292,42428232
293,293,42428253
294,294,42428258
295,295,42428264
296,296,42428268
297,297,42428272
298,298,42428277
299,299,42428283
300,300,42428287
301,301,42428297
302,302,42428303
303,303,42428305
304,304,42428307
305,305,42428308
306,306,42428310
307,307,42428312
308,308,42428313
309,309,42428315
310,310,42428321
311,311,42428328
312,312,42428329
313,313,42428332
314,314,42428374
315,315,42428376
316,316,42428377
317,317,42428379
318,318,42428385
319,319,42428391
320,320,42428402
321,321,42428405
322,322,42428408
323,323,42428411
324,324,42428420
325,325,42428425
326,326,42428428
327,327,42428431
328,328,42428433
329,329,42428434
330,330,42428436
331,331,42428438
332,332,42428441
333,333,42428444
334,334,42428447
335,335,42428454
336,336,42428458
337,337,42428460
338,338,42428464
339,339,42428468
340,340,42428471
341,341,42428473
342,342,42428476
343,343,42428480
344,344,42428483
345,345,42428489
346,346,42428491
347,347,42428493
348,348,42428570
349,349,42428575
350,350,42428579
351,351,42428588
352,352,42428590
353,353,42428595
354,354,42428598
355,355,42428601
356,356,42428604
357,357,42428610
358,358,42428634
359,359,42428637
360,360,42428640
361,361,42428643
362,362,42428645
363,363,42428648
364,364,42428653
365,365,42428657
366,366,42428661
367,367,42428663
368,368,42428670
369,369,42428674
370,370,42428678
371,371,42428682
372,372,42428689
373,373,42428695
374,374,42428701
375,375,42428705
376,376,42428709
377,377,42428711
378,378,42428714
379,379,42428716
380,380,42428720
381,381,42428723
382,382,42428725
383,383,42428728
384,384,42428737
385,385,42428742
386,386,42428746
387,387,42428751
388,388,42428760
389,389,42428770
390,390,42428782
391,391,42428790
392,392,42428799
393,393,42428807
394,394,42428814
395,395,42428833
396,396,42428844
397,397,42428858
398,398,42428863
399,399,42428873
400,400,42428876
401,401,42428892
402,402,42428912
403,403,42428913
404,404,42428914
405,405,42428917
406,406,42428919
407,407,42428922
408,408,42428926
409,409,42428928
410,410,42428931
411,411,42428934
412,412,42428936
413,413,42428939
414,414,42428941
415,415,42428944
416,416,42428947
417,417,42428951
418,418,42428953
419,419,42428956
420,420,42428958
421,421,42428961
422,422,42428962
423,423,42428964
424,424,42428965
425,425,42428966
426,426,42428967
427,427,42428970
428,428,42428973
429,429,42428975
430,430,42428978
431,431,42428980
432,432,42428984
433,433,42428985
434,434,42428989
435,435,42428994
436,436,42428998
437,437,42429002
438,438,42429006
439,439,42429011
440,440,42429013
441,441,42429017
442,442,42429023
443,443,42429029
444,444,42429032
445,445,42429035
446,446,42429044
447,447,42429058
448,448,42429072
449,449,42429083
450,450,42429094
451,451,42429100
452,452,42429104
453,453,42429109
454,454,42429174
455,455,42429184
456,456,42429211
457,457,42429212
458,458,42429215
459,459,42429216
460,460,42429217
461,461,42429220
462,462,42429222
463,463,42429226
464,464,42429228
465,465,42429231
466,466,42429236
467,467,42429242
468,468,42429244
469,469,42429314
470,470,42429324
471,471,42429330
472,472,42429334
473,473,42429338
474,474,42429340
475,475,42429342
476,476,42429348
477,477,42429373
478,478,42429374
479,479,42429375
480,480,42429378
481,481,42429388
482,482,42429390
483,483,42429394
484,484,42429412
485,485,42429431
486,486,42429452
487,487,42429457
488,488,42429466
489,489,42429474
490,490,42429479
491,491,42429530
492,492,42429532
493,493,42429536
494,494,42429538
495,495,42429541
496,496,42429552
497,497,42429557
498,498,42429562
499,499,42429563
500,500,42429565
501,501,42429570
502,502,42429595
503,503,42429630
504,504,42429633
505,505,42429636
506,506,42429641
507,507,42429643
508,508,42429644
509,509,42429645
510,510,42429646
511,511,42429647
512,512,42429657
513,513,42429659
514,514,42429661
515,515,42429662
516,516,42429663
517,517,42429664
518,518,42429680
519,519,42429682
520,520,42429685
521,521,42429688
522,522,42429690
523,523,42429693
524,524,42429694
525,525,42429700
526,526,42429701
527,527,42429703
528,528,42429704
529,529,42429705
530,530,42429707
531,531,42429708
532,532,42429709
533,533,42429727
534,534,42429735
535,535,42429741
536,536,42429744
537,537,42429747
538,538,42429752
539,539,42429754
540,540,42429756
541,541,42429762
542,542,42429766
543,543,42429769
544,544,42429773
545,545,42429782
546,546,42429806
547,547,42429809
548,548,42429811
549,549,42429812
550,550,42429814
551,551,42429819
552,552,42429825
553,553,42429829
554,554,42429830
555,555,42429832
556,556,42429833
557,557,42429874
558,558,42429876
559,559,42429888
560,560,42429890
561,561,42429896
562,562,42429900
563,563,42429910
564,564,42429918
565,565,42429946
566,566,42429960
567,567,42429970
568,568,42429971
569,569,42429974
570,570,42429976
571,571,42429980
572,572,42429981
573,573,42429986
574,574,42429999
575,575,42430004
576,576,42430007
577,577,42430009
578,578,42430022
579,579,42430023
580,580,42430030
581,581,42430034
582,582,42430038
583,583,42430041
584,584,42430044
585,585,42430050
586,586,42430052
587,587,42430056
588,588,42430060
589,589,42430063
590,590,42430068
591,591,42430075
592,592,42430102
593,593,42430108
594,594,42430115
595,595,42430118
596,596,42430122
597,597,42430126
598,598,42430131
599,599,42430136
600,600,42430143
601,601,42430147
602,602,42430154
603,603,42430160
604,604,42430164
605,605,42430167
606,606,42430187
607,607,42430205
608,608,42430217
609,609,42430231
610,610,42430233
611,611,42430235
612,612,42430237
613,613,42430241
614,614,42430247
615,615,42430249
616,616,42430253
617,617,42430255
618,618,42430257
619,619,42430259
620,620,42430263
621,621,42430265
622,622,42430269
623,623,42430271
624,624,42430274
625,625,42430277
626,626,42430279
627,627,42430282
628,628,42430288
629,629,42430292
630,630,42430295
631,631,42430298
632,632,42430304
633,633,42430308
634,634,42430311
635,635,42430314
636,636,42430317
637,637,42430320
638,638,42430324
639,639,42430329
640,640,42430333
641,641,42430338
642,642,42430342
643,643,42430344
644,644,42430347
645,645,42430350
646,646,42430352
647,647,42430356
648,648,42430358
649,649,42430361
650,650,42430363
651,651,42430367
652,652,42430371
653,653,42430375
654,654,42430378
655,655,42430384
656,656,42430390
657,657,42430394
658,658,42430468
659,659,42430474
660,660,42430477
661,661,42430479
662,662,42430482
663,663,42430485
664,664,42430488
665,665,42430519
666,666,42430521
667,667,42430529
668,668,42430535
669,669,42430550
670,670,42430557
671,671,42430571
672,672,42430713
673,673,42430722
674,674,42430736
675,675,42430739
676,676,42430742
677,677,42430745
678,678,42430747
679,679,42430749
680,680,42430761
681,681,42430770
682,682,42430782
683,683,42430791
684,684,42430796
685,685,42430803
686,686,42430805
687,687,42430811
688,688,42430813
689,689,42430818
690,690,42430824
691,691,42430828
692,692,42430848
693,693,42430857
694,694,42430861
695,695,42430872
696,696,42430886
697,697,42430898
698,698,42430903
699,699,42430914
700,700,42430924
701,701,42430938
702,702,42430942
703,703,42430945
704,704,42430951
705,705,42430973
706,706,42430981
707,707,42430983
708,708,42430984
709,709,42430985
710,710,42430989
711,711,42431000
712,712,42431002
713,713,42431004
714,714,42431005
715,715,42431007
716,716,42431008
717,717,42431009
718,718,42431015
719,719,42431019
720,720,42431024
721,721,42431027
722,722,42431030
723,723,42431034
724,724,42431037
725,725,42431039
726,726,42431044
727,727,42431057
728,728,42431067
729,729,42431078
730,730,42431089
731,731,42431094
732,732,42431096
733,733,42431099
734,734,42431102
735,735,42431104
736,736,42431106
737,737,42431107
738,738,42431108
739,739,42431111
740,740,42431113
741,741,42431116
742,742,42431118
743,743,42431121
744,744,42431154
745,745,42431156
746,746,42431165
747,747,42431168
748,748,42431177
749,749,42431180
750,750,42431186
751,751,42431193
752,752,42431200
753,753,42431201
754,754,42431203
755,755,42431207
756,756,42431210
757,757,42431228
758,758,42431230
759,759,42431234
760,760,42431242
761,761,42431252
762,762,42431257
763,763,42431260
764,764,42431273
765,765,42431275
766,766,42431293
767,767,42431447
768,768,42431452
769,769,42431453
770,770,42431459
771,771,42431461
772,772,42431464
773,773,42431467
774,774,42431470
775,775,42431482
776,776,42431490
777,777,42431497
778,778,42431500
779,779,42431503
780,780,42431505
781,781,42431508
782,782,42431517
783,783,42431519
784,784,42431524
785,785,42431528
786,786,42431531
787,787,42431536
788,788,42431544
789,789,42431549
790,790,42431556
791,791,42431560
792,792,42431563
793,793,42431602
794,794,42431611
795,795,42431614
796,796,42431617
797,797,42431626
798,798,42431629
799,799,42431630
800,800,42431643
801,801,42431649
802,802,42431650
803,803,42431652
804,804,42431654
805,805,42431656
806,806,42431659
807,807,42431661
808,808,42431666
809,809,42431671
810,810,42431674
811,811,42431677
812,812,42431678
813,813,42431680
814,814,42431681
815,815,42431684
816,816,42431773
817,817,42431777
818,818,42431785
819,819,42431789
820,820,42431797
821,821,42431802
822,822,42431804
823,823,42431805
824,824,42431812
825,825,42431814
826,826,42431822
827,827,42431990
828,828,42431992
829,829,42432000
830,830,42432002
831,831,42432054
832,832,42432057
833,833,42432060
834,834,42432063
835,835,42432066
836,836,42432068
837,837,42432071
838,838,42432073
839,839,42432075
840,840,42432078
841,841,42432082
842,842,42432083
843,843,42432085
844,844,42432091
845,845,42432094
846,846,42432095
847,847,42432097
848,848,42432099
849,849,42432102
850,850,42432103
851,851,42432105
852,852,42432108
853,853,42432111
854,854,42432116
855,855,42432127
856,856,42432135
857,857,42432142
858,858,42432148
859,859,42432152
860,860,42432156
861,861,42432161
862,862,42432165
863,863,42432171
864,864,42432174
865,865,42432178
866,866,42432181
867,867,42432184
868,868,42432191
869,869,42432194
870,870,42432199
871,871,42432201
872,872,42432205
873,873,42432208
874,874,42432211
875,875,42432214
876,876,42432218
877,877,42432220
878,878,42432223
879,879,42432226
880,880,42432228
881,881,42432238
882,882,42432241
883,883,42432244
884,884,42432246
885,885,42432250
886,886,42432282
887,887,42432302
888,888,42432305
889,889,42432308
890,890,42432352
891,891,42432376
892,892,42432395
893,893,42432436
894,894,42432438
895,895,42432444
896,896,42432451
897,897,42432458
898,898,42432464
899,899,42432540
900,900,42432556
901,901,42432558
902,902,42432564
903,903,42432580
904,904,42432585
905,905,42432589
906,906,42432594
907,907,42432598
908,908,42432659
909,909,42432665
910,910,42432669
911,911,42432693
912,912,42432700
913,913,42432703
914,914,42432706
915,915,42432720
916,916,42432722
917,917,42432736
918,918,42432737
919,919,42432744
920,920,42432756
921,921,42432764
922,922,42432785
923,923,42432789
924,924,42432795
925,925,42432799
926,926,42432802
927,927,42432805
928,928,42432818
929,929,42432825
930,930,42432834
931,931,42432847
932,932,42432856
933,933,42432861
934,934,42432871
935,935,42432875
936,936,42432882
937,937,42432889
938,938,42432894
939,939,42432897
940,940,42432900
941,941,42432905
942,942,42432917
943,943,42432926
944,944,42432928
945,945,42432929
946,946,42432931
947,947,42432932
948,948,42432933
949,949,42432936
950,950,42432949
951,951,42432950
952,952,42432954
953,953,42432955
954,954,42432956
955,955,42432957
956,956,42432960
957,957,42432961
958,958,42432963
959,959,42432967
960,960,42432970
961,961,42432974
962,962,42432980
963,963,42432983
964,964,42432985
965,965,42432990
966,966,42432992
967,967,42432994
968,968,42432999
969,969,42433011
970,970,42433014
971,971,42433017
972,972,42433020
973,973,42433024
974,974,42433027
975,975,42433030
976,976,42433035
977,977,42433041
978,978,42433043
979,979,42433044
980,980,42433046
981,981,42433057
982,982,42433058
983,983,42433060
984,984,42433062
985,985,42433064
986,986,42433066
987,987,42433068
988,988,42433069
989,989,42433072
990,990,42433075
991,991,42433077
992,992,42433080
993,993,42433097
994,994,42433107
995,995,42433115
996,996,42433138
997,997,42433151
998,998,42433161
999,999,42433163
1000,1000,42433165
1001,1001,42433173
1002,1002,42433252
1003,1003,42433256
1004,1004,42433260
1005,1005,42433261
1006,1006,42433264
1007,1007,42433269
1008,1008,42433272
1009,1009,42433275
1010,1010,42433278
1011,1011,42433281
1012,1012,42433282
1013,1013,42433286
1014,1014,42433292
1015,1015,42433295
1016,1016,42433298
1017,1017,42433302
1018,1018,42433324
1019,1019,42433339
1020,1020,42433346
1021,1021,42433354
1022,1022,42433356
1023,1023,42433377
1024,1024,42433385
1025,1025,42433421
1026,1026,42433422
1027,1027,42433431
1028,1028,42433490
1029,1029,42433513
1030,1030,42433537
1031,1031,42433539
1032,1032,42433542
1033,1033,42433543
1034,1034,42433545
1035,1035,42433550
1036,1036,42433551
1037,1037,42433553
1038,1038,42433554
1039,1039,42433564
1040,1040,42433565
1041,1041,42433567
1042,1042,42433569
1043,1043,42433573
1044,1044,42433574
1045,1045,42433577
1046,1046,42433578
1047,1047,42433581
1048,1048,42433587
1049,1049,42433604
1050,1050,42433611
1051,1051,42433620
1052,1052,42433625
1053,1053,42433644
1054,1054,42433743
1055,1055,42433779
1056,1056,42433781
1057,1057,42433785
1058,1058,42433789
1059,1059,42433797
1060,1060,42433800
1061,1061,42433811
1062,1062,42433821
1063,1063,42433822
1064,1064,42433927
1065,1065,42434072
1066,1066,42434074
1067,1067,42434077
1068,1068,42434085
1069,1069,42434087
1070,1070,42434090
1071,1071,42434092
1072,1072,42434097
1073,1073,42434098
1074,1074,42434101
1075,1075,42434105
1076,1076,42434110
1077,1077,42434111
1078,1078,42434113
1079,1079,42434117
1080,1080,42434122
1081,1081,42434129
1082,1082,42434131
1083,1083,42434134
1084,1084,42434135
1085,1085,42434140
1086,1086,42434142
1087,1087,42434148
1088,1088,42434158
1089,1089,42434160
1090,1090,42434165
1091,1091,42434166
1092,1092,42434168
1093,1093,42434169
1094,1094,42434172
1095,1095,42434175
1096,1096,42434179
1097,1097,42434196
1098,1098,42434197
1099,1099,42434201
1100,1100,42434205
1101,1101,42434215
1102,1102,42434226
1103,1103,42434233
1104,1104,42434237
1105,1105,42434246
1106,1106,42434249
1107,1107,42434251
1108,1108,42434255
1109,1109,42434259
1110,1110,42434262
1111,1111,42434264
1112,1112,42434268
1113,1113,42434270
1114,1114,42434271
1115,1115,42434279
1116,1116,42434285
1117,1117,42434306
1118,1118,42434308
1119,1119,42434314
1120,1120,42434338
1121,1121,42434340
1122,1122,42434343
1123,1123,42434352
1124,1124,42434354
1125,1125,42434355
1126,1126,42434357
1127,1127,42434358
1128,1128,42434360
1129,1129,42434361
1130,1130,42434370
1131,1131,42434372
1132,1132,42434377
1133,1133,42434382
1134,1134,42434384
1135,1135,42434385
1136,1136,42434386
1137,1137,42434389
1138,1138,42434412
1139,1139,42434427
1140,1140,42434429
1141,1141,42434434
1142,1142,42434439
1143,1143,42434465
1144,1144,42434559
1145,1145,42434589
1146,1146,42434722
1147,1147,42434780
1148,1148,42434800
1149,1149,42434807
1150,1150,42434810
1151,1151,42434821
1152,1152,42434832
1153,1153,42434833
1154,1154,42434839
1155,1155,42434842
1156,1156,42434845
1157,1157,42434855
1158,1158,42434871
1159,1159,42434894
1160,1160,42434895
1161,1161,42434898
1162,1162,42434904
1163,1163,42434905
1164,1164,42434910
1165,1165,42434912
1166,1166,42434935
1167,1167,42434946
1168,1168,42434948
1169,1169,42434951
1170,1170,42434954
1171,1171,42434959
1172,1172,42434962
1173,1173,42434965
1174,1174,42434969
1175,1175,42434974
1176,1176,42434989
1177,1177,42434992
1178,1178,42435002
1179,1179,42435197
1180,1180,42435198
1181,1181,42435207
1182,1182,42435211
1183,1183,42435222
1184,1184,42435230
1185,1185,42435231
1186,1186,42435234
1187,1187,42435237
1188,1188,42435240
1189,1189,42435253
1190,1190,42435257
1191,1191,42435272
1192,1192,42435275
1193,1193,42435283
1194,1194,42435295
1195,1195,42435301
1196,1196,42435308
1197,1197,42435316
1198,1198,42435317
1199,1199,42435319
1200,1200,42435323
1201,1201,42435328
1202,1202,42435331
1203,1203,42435333
1204,1204,42435336
1205,1205,42435337
1206,1206,42435341
1207,1207,42435343
1208,1208,42435346
1209,1209,42435359
1210,1210,42435360
1211,1211,42435362
1212,1212,42435380
1213,1213,42435387
1214,1214,42435388
1215,1215,42435392
1216,1216,42435395
1217,1217,42435396
1218,1218,42435400
1219,1219,42435403
1220,1220,42435412
1221,1221,42435415
1222,1222,42435420
1223,1223,42435422
1224,1224,42435435
1225,1225,42435451
1226,1226,42435456
1227,1227,42435470
1228,1228,42435477
1229,1229,42435491
1230,1230,42435497
1231,1231,42435499
1232,1232,42435504
1233,1233,42435509
1234,1234,42435514
1235,1235,42435516
1236,1236,42435518
1237,1237,42435522
1238,1238,42435534
1239,1239,42435538
1240,1240,42435541
1241,1241,42435544
1242,1242,42435550
1243,1243,42435553
1244,1244,42435556
1245,1245,42435578
1246,1246,42435581
1247,1247,42435596
1248,1248,42435598
1249,1249,42435599
1250,1250,42435603
1251,1251,42435610
1252,1252,42435624
1253,1253,42435629
1254,1254,42435632
1255,1255,42435633
1256,1256,42435642
1257,1257,42435644
1258,1258,42435645
1259,1259,42435646
1260,1260,42435650
1261,1261,42435654
1262,1262,42435657
1263,1263,42435660
1264,1264,42435663
1265,1265,42435671
1266,1266,42435675
1267,1267,42435677
1268,1268,42435680
1269,1269,42435684
1270,1270,42435687
1271,1271,42435702
1272,1272,42435705
1273,1273,42435707
1274,1274,42435710
1275,1275,42435714
1276,1276,42435716
1277,1277,42435736
1278,1278,42435743
1279,1279,42435746
1280,1280,42435755
1281,1281,42435761
1282,1282,42435763
1283,1283,42435766
1284,1284,42435775
1285,1285,42435785
1286,1286,42435794
1287,1287,42435802
1288,1288,42435803
1289,1289,42435805
1290,1290,42435810
1291,1291,42435814
1292,1292,42435825
1293,1293,42435837
1294,1294,42435844
1295,1295,42435850
1296,1296,42435852
1297,1297,42435856
1298,1298,42435858
1299,1299,42435860
1300,1300,42435861
1301,1301,42435863
1302,1302,42435865
1303,1303,42435869
1304,1304,42435873
1305,1305,42435876
1306,1306,42435880
1307,1307,42435881
1308,1308,42435885
1309,1309,42435891
1310,1310,42435894
1311,1311,42435898
1312,1312,42435910
1313,1313,42435916
1314,1314,42435922
1315,1315,42435923
1316,1316,42435925
1317,1317,42435928
1318,1318,42435931
1319,1319,42435940
1320,1320,42435943
1321,1321,42435957
1322,1322,42435967
1323,1323,42435981
1324,1324,42435988
1325,1325,42435990
1326,1326,42435993
1327,1327,42435997
1328,1328,42436001
1329,1329,42436003
1330,1330,42436014
1331,1331,42436017
1332,1332,42436021
1333,1333,42436024
1334,1334,42436050
1335,1335,42436055
1336,1336,42436056
1337,1337,42436060
1338,1338,42436064
1339,1339,42436069
1340,1340,42436073
1341,1341,42436083
1342,1342,42436088
1343,1343,42436093
1344,1344,42436097
1345,1345,42436100
1346,1346,42436109
1347,1347,42436115
1348,1348,42436119
1349,1349,42436122
1350,1350,42436126
1351,1351,42436129
1352,1352,42436134
1353,1353,42436135
1354,1354,42436139
1355,1355,42436142
1356,1356,42436146
1357,1357,42436149
1358,1358,42436152
1359,1359,42436155
1360,1360,42436159
1361,1361,42436184
1362,1362,42436187
1363,1363,42436192
1364,1364,42436283
1365,1365,42436285
1366,1366,42436288
1367,1367,42436293
1368,1368,42436296
1369,1369,42436297
1370,1370,42436301
1371,1371,42436308
1372,1372,42436313
1373,1373,42436316
1374,1374,42436322
1375,1375,42436326
1376,1376,42436327
1377,1377,42436330
1378,1378,42436333
1379,1379,42436335
1380,1380,42436336
1381,1381,42436340
1382,1382,42436353
1383,1383,42436355
1384,1384,42436359
1385,1385,42436364
1386,1386,42436369
1387,1387,42436371
1388,1388,42436374
1389,1389,42436377
1390,1390,42436381
1391,1391,42436384
1392,1392,42436390
1393,1393,42436393
1394,1394,42436396
1395,1395,42436400
1396,1396,42436404
1397,1397,42436407
1398,1398,42436411
1399,1399,42436414
1400,1400,42436423
1401,1401,42436427
1402,1402,42436431
1403,1403,42436439
1404,1404,42436475
1405,1405,42436477
1406,1406,42436481
1407,1407,42436484
1408,1408,42436486
1409,1409,42436489
1410,1410,42436492
1411,1411,42436510
1412,1412,42436511
1413,1413,42436514
1414,1414,42436516
1415,1415,42436519
1416,1416,42436527
1417,1417,42436531
1418,1418,42436537
1419,1419,42436539
1420,1420,42436541
1421,1421,42436544
1422,1422,42436546
1423,1423,42436549
1424,1424,42436551
1425,1425,42436556
1426,1426,42436563
1427,1427,42436567
1428,1428,42436575
1429,1429,42436578
1430,1430,42436582
1431,1431,42436586
1432,1432,42436590
1433,1433,42436598
1434,1434,42436604
1435,1435,42436610
1436,1436,42436614
1437,1437,42436619
1438,1438,42436624
1439,1439,42436627
1440,1440,42436630
1441,1441,42436637
1442,1442,42436640
1443,1443,42436641
1444,1444,42436644
1445,1445,42436647
1446,1446,42436651
1447,1447,42436653
1448,1448,42436700
1449,1449,42436701
1450,1450,42436703
1451,1451,42436705
1452,1452,42436707
1453,1453,42436710
1454,1454,42436714
1455,1455,42436716
1456,1456,42436724
1457,1457,42436726
1458,1458,42436728
1459,1459,42436734
1460,1460,42436739
1461,1461,42436746
1462,1462,42436748
1463,1463,42436751
1464,1464,42436753
1465,1465,42436754
1466,1466,42436756
1467,1467,42436763
1468,1468,42436770
1469,1469,42436779
1470,1470,42436784
1471,1471,42436788
1472,1472,42436793
1473,1473,42436796
1474,1474,42436806
1475,1475,42436807
1476,1476,42436812
1477,1477,42436832
1478,1478,42436848
1479,1479,42436856
1480,1480,42436894
1481,1481,42436899
1482,1482,42436903
1483,1483,42436911
1484,1484,42436913
1485,1485,42436914
1486,1486,42436917
1487,1487,42436919
1488,1488,42436921
1489,1489,42436922
1490,1490,42436929
1491,1491,42436930
1492,1492,42436935
1493,1493,42436939
1494,1494,42436941
1495,1495,42436942
1496,1496,42436943
1497,1497,42436944
1498,1498,42436947
1499,1499,42436949
1500,1500,42436957
1501,1501,42436968
1502,1502,42436971
1503,1503,42436974
1504,1504,42436985
1505,1505,42436990
1506,1506,42437005
1507,1507,42437018
1508,1508,42437021
1509,1509,42437043
1510,1510,42437050
1511,1511,42437052
1512,1512,42437058
1513,1513,42437067
1514,1514,42437071
1515,1515,42437074
1516,1516,42437078
1517,1517,42437082
1518,1518,42437084
1519,1519,42437096
1520,1520,42437106
1521,1521,42437108
1522,1522,42437109
1523,1523,42437111
1524,1524,42437113
1525,1525,42437114
1526,1526,42437118
1527,1527,42437124
1528,1528,42437142
1529,1529,42437174
1530,1530,42437177
1531,1531,42437188
1532,1532,42437196
1533,1533,42437201
1534,1534,42437204
1535,1535,42437211
1536,1536,42437218
1537,1537,42437222
1538,1538,42437223
1539,1539,42437280
1540,1540,42437283
1541,1541,42437287
1542,1542,42437289
1543,1543,42437300
1544,1544,42437305
1545,1545,42437316
1546,1546,42437319
1547,1547,42437324
1548,1548,42437326
1549,1549,42437333
1550,1550,42437339
1551,1551,42437343
1552,1552,42437346
1553,1553,42437349
1554,1554,42437354
1555,1555,42437358
1556,1556,42437363
1557,1557,42437368
1558,1558,42437371
1559,1559,42437384
1560,1560,42437396
1561,1561,42437401
1562,1562,42437410
1563,1563,42437423
1564,1564,42437425
1565,1565,42437428
1566,1566,42437433
1567,1567,42437436
1568,1568,42437445
1569,1569,42437451
1570,1570,42437481
1571,1571,42437503
1572,1572,42437505
1573,1573,42437529
1574,1574,42437530
1575,1575,42437559
1576,1576,42437564
1577,1577,42437580
1578,1578,42437589
1579,1579,42437605
1580,1580,42437608
1581,1581,42437612
1582,1582,42437613
1583,1583,42437618
1584,1584,42437644
1585,1585,42437654
1586,1586,42437663
1587,1587,42437670
1588,1588,42437686
1589,1589,42437688
1590,1590,42437693
1591,1591,42437749
1592,1592,42437753
1593,1593,42437755
1594,1594,42437763
1595,1595,42437768
1596,1596,42437770
1597,1597,42437773
1598,1598,42437786
1599,1599,42437801
1600,1600,42437830
1601,1601,42437881
1602,1602,42437890
1603,1603,42437909
1604,1604,42437914
1605,1605,42437916
1606,1606,42437917
1607,1607,42437918
1608,1608,42437920
1609,1609,42437921
1610,1610,42437923
1611,1611,42437925
1612,1612,42437926
1613,1613,42437929
1614,1614,42437942
1615,1615,42437944
1616,1616,42437949
1617,1617,42437951
1618,1618,42437962
1619,1619,42437965
1620,1620,42437967
1621,1621,42437988
1622,1622,42437990
1623,1623,42437996
1624,1624,42438018
1625,1625,42438024
1626,1626,42438034
1627,1627,42438043
1628,1628,42438045
1629,1629,42438060
1630,1630,42438084
1631,1631,42438090
1632,1632,42438153
1633,1633,42438155
1634,1634,42438173
1635,1635,42438174
1636,1636,42438186
1637,1637,42438189
1638,1638,42438199
1639,1639,42438218
1640,1640,42438228
1641,1641,42438235
1642,1642,42438236
1643,1643,42438240
1644,1644,42438246
1645,1645,42438247
1646,1646,42438255
1647,1647,42438257
1648,1648,42438271
1649,1649,42438275
1650,1650,42438281
1651,1651,42438288
1652,1652,42438291
1653,1653,42438292
1654,1654,42438295
1655,1655,42438362
1656,1656,42438485
1657,1657,42438487
1658,1658,42438490
1659,1659,42438498
1660,1660,42438503
1661,1661,42438506
1662,1662,42438509
1663,1663,42438513
1664,1664,42438529
1665,1665,42438531
1666,1666,42438544
1667,1667,42438547
1668,1668,42438672
1669,1669,42438674
1670,1670,42438702
1671,1671,42438704
1672,1672,42438707
1673,1673,42438772
1674,1674,42438774
1675,1675,42438779
1676,1676,42438781
1677,1677,42438784
1678,1678,42438788
1679,1679,42438791
1680,1680,42438795
1681,1681,42438798
1682,1682,42438800
1683,1683,42438802
1684,1684,42438805
1685,1685,42438809
1686,1686,42438836
1687,1687,42438839
1688,1688,42438849
1689,1689,42438859
1690,1690,42438862
1691,1691,42438881
1692,1692,42438886
1693,1693,42438889
1694,1694,42438891
1695,1695,42438894
1696,1696,42438898
1697,1697,42438906
1698,1698,42438908
1699,1699,42438913
1700,1700,42438920
1701,1701,42438923
1702,1702,42438928
1703,1703,42438947
1704,1704,42438949
1705,1705,42438953
1706,1706,42438961
1707,1707,42438963
1708,1708,42438971
1709,1709,42438973
1710,1710,42438984
1711,1711,42439001
1712,1712,42439006
1713,1713,42439070
1714,1714,42439073
1715,1715,42439078
1716,1716,42439096
1717,1717,42439099
1718,1718,42439170
1719,1719,42439178
1720,1720,42439181
1721,1721,42439191
1722,1722,42439203
1723,1723,42439207
1724,1724,42439210
1725,1725,42439213
1726,1726,42439216
1727,1727,42439225
1728,1728,42439228
1729,1729,42439236
1730,1730,42439249
1731,1731,42439272
1732,1732,42439275
1733,1733,42439280
1734,1734,42439286
1735,1735,42439323
1736,1736,42439335
1737,1737,42439345
1738,1738,42439362
1739,1739,42439371
1740,1740,42439389
1741,1741,42439392
1742,1742,42439395
1743,1743,42439399
1744,1744,42439403
1745,1745,42439406
1746,1746,42439409
1747,1747,42439416
1748,1748,42439432
1749,1749,42439440
1750,1750,42439464
1751,1751,42439485
1752,1752,42439486
1753,1753,42439488
1754,1754,42439489
1755,1755,42439490
1756,1756,42439497
1757,1757,42439498
1758,1758,42439506
1759,1759,42439514
1760,1760,42439527
1761,1761,42439530
1762,1762,42439533
1763,1763,42439537
1764,1764,42439542
1765,1765,42439553
1766,1766,42439556
1767,1767,42439557
1768,1768,42439559
1769,1769,42439561
1770,1770,42439563
1771,1771,42439567
1772,1772,42439580
1773,1773,42439581
1774,1774,42439583
1775,1775,42439588
1776,1776,42439590
1777,1777,42439598
1778,1778,42439599
1779,1779,42439601
1780,1780,42439613
1781,1781,42439620
1782,1782,42439653
1783,1783,42439673
1784,1784,42439711
1785,1785,42439718
1786,1786,42439721
1787,1787,42439724
1788,1788,42439728
1789,1789,42439730
1790,1790,42439783
1791,1791,42439802
1792,1792,42439813
1793,1793,42439823
1794,1794,42439826
1795,1795,42439830
1796,1796,42439834
1797,1797,42439836
1798,1798,42439840
1799,1799,42439842
1800,1800,42439849
1801,1801,42439851
1802,1802,42439852
1803,1803,42439855
1804,1804,42439858
1805,1805,42439860
1806,1806,42439861
1807,1807,42439864
1808,1808,42439868
1809,1809,42439873
1810,1810,42439878
1811,1811,42439887
1812,1812,42439891
1813,1813,42439894
1814,1814,42439897
1815,1815,42439899
1816,1816,42439905
1817,1817,42439910
1818,1818,42439922
1819,1819,42439924
1820,1820,42439927
1821,1821,42439929
1822,1822,42439952
1823,1823,42439955
1824,1824,42439960
1825,1825,42439964
1826,1826,42439968
1827,1827,42439972
1828,1828,42439981
1829,1829,42439984
1830,1830,42439990
1831,1831,42439994
1832,1832,42439996
1833,1833,42440001
1834,1834,42440004
1835,1835,42440009
1836,1836,42440012
1837,1837,42440015
1838,1838,42440020
1839,1839,42440022
1840,1840,42440025
1841,1841,42440052
1842,1842,42440053
1843,1843,42440056
1844,1844,42440059
1845,1845,42440065
1846,1846,42440069
1847,1847,42440072
1848,1848,42440075
1849,1849,42440079
1850,1850,42440104
1851,1851,42440112
1852,1852,42440122
1853,1853,42440125
1854,1854,42440131
1855,1855,42440134
1856,1856,42440138
1857,1857,42440144
1858,1858,42440146
1859,1859,42440153
1860,1860,42440163
1861,1861,42440170
1862,1862,42440280
1863,1863,42440282
1864,1864,42440284
1865,1865,42440287
1866,1866,42440323
1867,1867,42440325
1868,1868,42440326
1869,1869,42440330
1870,1870,42440335
1871,1871,42440376
1872,1872,42440381
1873,1873,42440385
1874,1874,42440397
1875,1875,42440401
1876,1876,42440408
1877,1877,42440449
1878,1878,42440452
1879,1879,42440453
1880,1880,42440456
1881,1881,42440459
1882,1882,42440463
1883,1883,42440465
1884,1884,42440469
1885,1885,42440472
1886,1886,42440476
1887,1887,42440494
1888,1888,42440499
1889,1889,42440527
1890,1890,42440532
1891,1891,42440545
1892,1892,42440553
1893,1893,42440565
1894,1894,42440566
1895,1895,42440567
1896,1896,42440577
1897,1897,42440628
1898,1898,42440639
1899,1899,42440679
1900,1900,42440682
1901,1901,42440686
1902,1902,42440710
1903,1903,42440721
1904,1904,42440729
1905,1905,42440737
1906,1906,42440743
1907,1907,42440754
1908,1908,42440785
1909,1909,42440792
1910,1910,42440798
1911,1911,42440804
1912,1912,42440810
1913,1913,42440820
1914,1914,42440825
1915,1915,42440829
1916,1916,42440838
1917,1917,42440847
1918,1918,42440850
1919,1919,42440854
1920,1920,42440873
1921,1921,42440916
1922,1922,42440918
1923,1923,42440934
1924,1924,42440935
1925,1925,42440940
1926,1926,42440943
1927,1927,42440946
1928,1928,42440951
1929,1929,42440960
1930,1930,42440966
1931,1931,42441000
1932,1932,42441007
1933,1933,42441009
1934,1934,42441077
1935,1935,42441104
1936,1936,42441191
1937,1937,42441251
1938,1938,42441263
1939,1939,42441276
1940,1940,42441283
1941,1941,42441299
1942,1942,42441310
1943,1943,42441382
1944,1944,42441521
1945,1945,42441526
1946,1946,42441535
1947,1947,42441587
1948,1948,42441695
1949,1949,42441701
1950,1950,42441704
1951,1951,42441771
1952,1952,42441774
1953,1953,42441777
1954,1954,42441805
1955,1955,42441823
1956,1956,42441889
1957,1957,42441895
1958,1958,42441899
1959,1959,42441903
1960,1960,42441907
1961,1961,42441910
1962,1962,42441913
1963,1963,42441926
1964,1964,42441947
1965,1965,42441949
1966,1966,42441950
1967,1967,42441951
1968,1968,42441952
1969,1969,42441953
1970,1970,42441955
1971,1971,42441956
1972,1972,42442058
1973,1973,42442123
1974,1974,42442128
1975,1975,42442230
1976,1976,42442247
1977,1977,42442255
1978,1978,42442269
1979,1979,42442273
1980,1980,42442276
1981,1981,42442286
1982,1982,42442288
1983,1983,42442291
1984,1984,42442294
1985,1985,42442384
1986,1986,42442410
1987,1987,42442415
1988,1988,42442417
1989,1989,42442422
1990,1990,42442445
1991,1991,42442451
1992,1992,42442459
1993,1993,42442463
1994,1994,42442469
1995,1995,42442475
1996,1996,42442480
1997,1997,42442492
1998,1998,42442502
1999,1999,42442514
2000,2000,42442528
2001,2001,42442534
2002,2002,42442542
2003,2003,42442549
2004,2004,42442552
2005,2005,42442555
2006,2006,42442557
2007,2007,42442559
2008,2008,42442561
2009,2009,42442565
2010,2010,42442567
2011,2011,42442569
2012,2012,42442571
2013,2013,42442575
2014,2014,42442577
2015,2015,42442578
2016,2016,42442584
2017,2017,42442586
2018,2018,42442589
2019,2019,42442592
2020,2020,42442596
2021,2021,42442604
2022,2022,42442609
2023,2023,42442613
2024,2024,42442618
2025,2025,42442621
2026,2026,42442625
2027,2027,42442628
2028,2028,42442635
2029,2029,42442638
2030,2030,42442642
2031,2031,42442645
2032,2032,42442651
2033,2033,42442656
2034,2034,42442659
2035,2035,42442664
2036,2036,42442671
2037,2037,42442684
2038,2038,42442697
2039,2039,42442702
2040,2040,42442703
2041,2041,42442710
2042,2042,42442717
2043,2043,42442722
2044,2044,42442723
2045,2045,42442728
2046,2046,42442733
2047,2047,42442734
2048,2048,42442738
2049,2049,42442741
2050,2050,42442745
2051,2051,42442755
2052,2052,42442764
2053,2053,42442766
2054,2054,42442770
2055,2055,42442788
2056,2056,42442836
2057,2057,42442838
2058,2058,42442842
2059,2059,42442843
2060,2060,42442848
2061,2061,42442850
2062,2062,42442851
2063,2063,42442857
2064,2064,42442862
2065,2065,42442870
2066,2066,42442877
2067,2067,42442881
2068,2068,42442889
2069,2069,42442891
2070,2070,42442895
2071,2071,42442898
2072,2072,42442902
2073,2073,42442906
2074,2074,42442910
2075,2075,42442913
2076,2076,42442918
2077,2077,42442931
2078,2078,42442933
2079,2079,42442935
2080,2080,42442937
2081,2081,42442939
2082,2082,42442943
2083,2083,42442947
2084,2084,42442948
2085,2085,42442949
2086,2086,42442952
2087,2087,42442955
2088,2088,42442957
2089,2089,42442959
2090,2090,42442960
2091,2091,42442961
2092,2092,42442963
2093,2093,42442977
2094,2094,42442983
2095,2095,42443000
2096,2096,42443009
2097,2097,42443020
2098,2098,42443024
2099,2099,42443027
2100,2100,42443029
2101,2101,42443032
2102,2102,42443037
2103,2103,42443040
2104,2104,42443042
2105,2105,42443044
2106,2106,42443046
2107,2107,42443048
2108,2108,42443050
2109,2109,42443052
2110,2110,42443054
2111,2111,42443056
2112,2112,42443058
2113,2113,42443061
2114,2114,42443066
2115,2115,42443068
2116,2116,42443072
2117,2117,42443077
2118,2118,42443078
2119,2119,42443081
2120,2120,42443085
2121,2121,42443088
2122,2122,42443092
2123,2123,42443096
2124,2124,42443099
2125,2125,42443105
2126,2126,42443116
2127,2127,42443118
2128,2128,42443119
2129,2129,42443127
2130,2130,42443181
2131,2131,42443263
2132,2132,42443264
2133,2133,42443268
2134,2134,42443280
2135,2135,42443296
2136,2136,42443298
2137,2137,42443313
2138,2138,42443326
2139,2139,42443329
2140,2140,42443332
2141,2141,42443336
2142,2142,42443341
2143,2143,42443344
2144,2144,42443346
2145,2145,42443347
2146,2146,42443349
2147,2147,42443353
2148,2148,42443363
2149,2149,42443366
2150,2150,42443373
2151,2151,42443381
2152,2152,42443388
2153,2153,42443403
2154,2154,42443406
2155,2155,42443413
2156,2156,42443426
2157,2157,42443486
2158,2158,42443488
2159,2159,42443492
2160,2160,42443513
2161,2161,42443520
2162,2162,42443522
2163,2163,42443524
2164,2164,42443528
2165,2165,42443532
2166,2166,42443534
2167,2167,42443556
2168,2168,42443561
2169,2169,42443563
2170,2170,42443574
2171,2171,42443582
2172,2172,42443588
2173,2173,42443612
2174,2174,42443613
2175,2175,42443614
2176,2176,42443615
2177,2177,42443618
2178,2178,42443621
2179,2179,42443658
2180,2180,42443659
2181,2181,42443671
2182,2182,42443674
2183,2183,42443676
2184,2184,42443680
2185,2185,42443799
2186,2186,42443807
2187,2187,42443810
2188,2188,42443811
2189,2189,42443817
2190,2190,42443818
2191,2191,42443819
2192,2192,42443821
2193,2193,42443824
2194,2194,42443826
2195,2195,42443844
2196,2196,42443928
2197,2197,42443950
2198,2198,42443975
2199,2199,42444028
2200,2200,42444043
2201,2201,42444049
2202,2202,42444051
2203,2203,42444055
2204,2204,42444060
2205,2205,42444069
2206,2206,42444081
2207,2207,42444097
2208,2208,42444267
2209,2209,42444277
2210,2210,42444452
2211,2211,42444453
2212,2212,42444456
2213,2213,42444457
2214,2214,42444458
2215,2215,42444485
2216,2216,42444487
2217,2217,42444491
2218,2218,42444495
2219,2219,42444500
2220,2220,42444506
2221,2221,42444581
2222,2222,42444809
2223,2223,42444810
2224,2224,42444812
2225,2225,42444814
2226,2226,42444817
2227,2227,42444820
2228,2228,42444827
2229,2229,42444829
2230,2230,42444832
2231,2231,42444833
2232,2232,42444835
2233,2233,42444837
2234,2234,42444854
2235,2235,42444873
2236,2236,42444880
2237,2237,42444884
2238,2238,42444909
2239,2239,42444916
2240,2240,42444928
2241,2241,42444933
2242,2242,42444954
2243,2243,42444960
2244,2244,42444964
2245,2245,42444985
2246,2246,42444991
2247,2247,42445001
2248,2248,42445011
2249,2249,42445018
2250,2250,42445020
2251,2251,42445025
2252,2252,42445027
2253,2253,42445033
2254,2254,42445037
2255,2255,42445039
2256,2256,42445046
2257,2257,42445051
2258,2258,42445054
2259,2259,42445171
2260,2260,42445174
2261,2261,42445183
2262,2262,42445185
2263,2263,42445189
2264,2264,42445196
2265,2265,42445215
2266,2266,42445219
2267,2267,42445225
2268,2268,42445227
2269,2269,42445230
2270,2270,42445232
2271,2271,42445236
2272,2272,42445247
2273,2273,42445256
2274,2274,42445258
2275,2275,42445259
2276,2276,42445263
2277,2277,42445291
2278,2278,42445310
2279,2279,42445356
2280,2280,42445357
2281,2281,42445365
2282,2282,42445374
2283,2283,42445378
2284,2284,42445382
2285,2285,42445387
2286,2286,42445390
2287,2287,42445392
2288,2288,42445404
2289,2289,42445409
2290,2290,42445413
2291,2291,42445417
2292,2292,42445426
2293,2293,42445430
2294,2294,42445466
2295,2295,42445474
2296,2296,42445479
2297,2297,42445481
2298,2298,42445484
2299,2299,42445489
2300,2300,42445498
2301,2301,42445511
2302,2302,42445520
2303,2303,42445534
2304,2304,42445543
2305,2305,42445548
2306,2306,42445558
2307,2307,42445561
2308,2308,42445562
2309,2309,42445563
2310,2310,42445574
2311,2311,42445585
2312,2312,42445587
2313,2313,42445603
2314,2314,42445606
2315,2315,42445612
2316,2316,42445617
2317,2317,42445620
2318,2318,42445630
2319,2319,42445634
2320,2320,42445635
2321,2321,42445637
2322,2322,42445640
2323,2323,42445644
2324,2324,42445649
2325,2325,42445651
2326,2326,42445653
2327,2327,42445656
2328,2328,42445661
2329,2329,42445664
2330,2330,42445666
2331,2331,42445667
2332,2332,42445672
2333,2333,42445675
2334,2334,42445680
2335,2335,42445689
2336,2336,42445700
2337,2337,42445702
2338,2338,42445731
2339,2339,42445733
2340,2340,42445736
2341,2341,42445738
2342,2342,42445740
2343,2343,42445748
2344,2344,42445757
2345,2345,42445766
2346,2346,42445773
2347,2347,42445804
2348,2348,42445817
2349,2349,42445823
2350,2350,42445840
2351,2351,42445843
2352,2352,42445867
2353,2353,42445879
2354,2354,42445885
2355,2355,42445888
2356,2356,42445896
2357,2357,42445899
2358,2358,42445903
2359,2359,42445908
2360,2360,42445909
2361,2361,42445910
2362,2362,42445914
2363,2363,42445916
2364,2364,42445917
2365,2365,42445920
2366,2366,42445924
2367,2367,42445926
2368,2368,42445928
2369,2369,42445930
2370,2370,42445936
2371,2371,42445941
2372,2372,42445947
2373,2373,42445950
2374,2374,42445953
2375,2375,42445961
2376,2376,42445972
2377,2377,42445976
2378,2378,42445994
2379,2379,42446013
2380,2380,42446016
2381,2381,42446021
2382,2382,42446026
2383,2383,42446031
2384,2384,42446036
2385,2385,42446041
2386,2386,42446066
2387,2387,42446070
2388,2388,42446072
2389,2389,42446086
2390,2390,42446093
2391,2391,42446099
2392,2392,42446132
2393,2393,42446138
2394,2394,42446147
2395,2395,42446152
2396,2396,42446155
2397,2397,42446161
2398,2398,42446164
2399,2399,42446169
2400,2400,42446171
2401,2401,42446177
2402,2402,42446182
2403,2403,42446184
2404,2404,42446187
2405,2405,42446190
2406,2406,42446203
2407,2407,42446218
2408,2408,42446231
2409,2409,42446245
2410,2410,42446266
2411,2411,42446270
2412,2412,42446275
2413,2413,42446293
2414,2414,42446331
2415,2415,42446337
2416,2416,42446353
2417,2417,42446363
2418,2418,42446398
2419,2419,42446424
2420,2420,42446455
2421,2421,42446461
2422,2422,42446466
2423,2423,42446472
2424,2424,42446478
2425,2425,42446488
2426,2426,42446504
2427,2427,42446506
2428,2428,42446521
2429,2429,42446528
2430,2430,42446533
2431,2431,42446547
2432,2432,42446552
2433,2433,42446562
2434,2434,42446571
2435,2435,42446584
2436,2436,42446604
2437,2437,42446609
2438,2438,42446617
2439,2439,42446668
2440,2440,42446701
2441,2441,42446721
2442,2442,42446723
2443,2443,42446728
2444,2444,42446733
2445,2445,42446772
2446,2446,42446775
2447,2447,42446778
2448,2448,42446797
2449,2449,42446800
2450,2450,42446814
2451,2451,42446825
2452,2452,42446849
2453,2453,42446875
2454,2454,42446879
2455,2455,42446885
2456,2456,42446889
2457,2457,42446902
2458,2458,42446919
2459,2459,42446925
2460,2460,42446932
2461,2461,42446933
2462,2462,42446934
2463,2463,42446935
2464,2464,42446941
2465,2465,42446942
2466,2466,42446945
2467,2467,42446949
2468,2468,42446959
2469,2469,42446971
2470,2470,42446977
2471,2471,42446986
2472,2472,42446987
2473,2473,42446991
2474,2474,42446994
2475,2475,42446998
2476,2476,42447007
2477,2477,42447009
2478,2478,42447020
2479,2479,42447030
2480,2480,42447060
2481,2481,42447069
2482,2482,42447076
2483,2483,42447084
2484,2484,42447105
2485,2485,42447115
2486,2486,42447126
2487,2487,42447132
2488,2488,42447136
2489,2489,42447144
2490,2490,42447149
2491,2491,42447166
2492,2492,42447169
2493,2493,42447174
2494,2494,42447176
2495,2495,42447179
2496,2496,42447182
2497,2497,42447187
2498,2498,42447192
2499,2499,42447196
2500,2500,42447199
2501,2501,42447201
2502,2502,42447206
2503,2503,42447207
2504,2504,42447208
2505,2505,42447209
2506,2506,42447210
2507,2507,42447228
2508,2508,42447230
2509,2509,42447235
2510,2510,42447237
2511,2511,42447246
2512,2512,42447249
2513,2513,42447255
2514,2514,42447273
2515,2515,42447275
2516,2516,42447278
2517,2517,42447281
2518,2518,42447285
2519,2519,42447295
2520,2520,42447303
2521,2521,42447317
2522,2522,42447323
2523,2523,42447326
2524,2524,42447330
2525,2525,42447336
2526,2526,42447346
2527,2527,42447389
2528,2528,42447399
2529,2529,42447404
2530,2530,42447412
2531,2531,42447418
2532,2532,42447419
2533,2533,42447428
2534,2534,42447435
2535,2535,42448141
2536,2536,42448162
2537,2537,42448171
2538,2538,42448203
2539,2539,42448216
2540,2540,42448238
2541,2541,42448254
2542,2542,42448257
2543,2543,42448278
2544,2544,42448283
2545,2545,42448317
2546,2546,42448326
2547,2547,42448329
2548,2548,42448338
2549,2549,42448379
2550,2550,42448390
2551,2551,42448406
2552,2552,42448430
2553,2553,42448440
2554,2554,42448469
2555,2555,42448483
2556,2556,42448506
2557,2557,42448549
2558,2558,42448552
2559,2559,42448558
2560,2560,42448563
2561,2561,42448568
2562,2562,42448570
2563,2563,42448593
2564,2564,42448605
2565,2565,42448607
2566,2566,42448611
2567,2567,42448655
2568,2568,42448661
2569,2569,42448674
2570,2570,42448693
2571,2571,42448701
2572,2572,42448707
2573,2573,42448714
2574,2574,42448726
2575,2575,42448729
2576,2576,42448735
2577,2577,42448745
2578,2578,42448811
2579,2579,42448813
2580,2580,42448828
2581,2581,42448850
2582,2582,42448852
2583,2583,42448857
2584,2584,42448930
2585,2585,42448979
2586,2586,42449005
2587,2587,42449007
2588,2588,42449010
2589,2589,42449017
2590,2590,42449021
2591,2591,42449023
2592,2592,42449027
2593,2593,42449029
2594,2594,42449038
2595,2595,42449045
2596,2596,42449067
2597,2597,42449076
2598,2598,42449089
2599,2599,42449098
2600,2600,42449127
2601,2601,42449139
2602,2602,42449163
2603,2603,42449166
2604,2604,42449187
2605,2605,42449308
2606,2606,42449314
2607,2607,42449333
2608,2608,42449341
2609,2609,42449413
2610,2610,42449422
2611,2611,42449427
2612,2612,42449515
2613,2613,42449550
2614,2614,42449570
2615,2615,42449576
2616,2616,42449580
2617,2617,42449582
2618,2618,42449589
2619,2619,42449593
2620,2620,42449597
2621,2621,42449600
2622,2622,42449613
2623,2623,42449627
2624,2624,42449631
2625,2625,42449634
2626,2626,42449637
2627,2627,42449639
2628,2628,42449641
2629,2629,42449644
2630,2630,42449653
2631,2631,42449654
2632,2632,42449656
2633,2633,42449683
2634,2634,42449685
2635,2635,42449689
2636,2636,42449801
2637,2637,42449804
2638,2638,42449817
2639,2639,42449828
2640,2640,42449833
2641,2641,42449840
2642,2642,42449843
2643,2643,42449874
2644,2644,42449886
2645,2645,42449890
2646,2646,42449893
2647,2647,42449918
2648,2648,42449926
2649,2649,42449928
2650,2650,42449932
2651,2651,42449938
2652,2652,42449942
2653,2653,42449945
2654,2654,42449947
2655,2655,42449948
2656,2656,42449954
2657,2657,42449956
2658,2658,42449961
2659,2659,42449963
2660,2660,42449971
2661,2661,42449982
2662,2662,42449985
2663,2663,42449991
2664,2664,42450009
2665,2665,42450015
2666,2666,42450025
2667,2667,42450028
2668,2668,42450030
2669,2669,42450035
2670,2670,42450037
2671,2671,42450044
2672,2672,42450048
2673,2673,42450052
2674,2674,42450055
2675,2675,42450057
2676,2676,42450061
2677,2677,42450066
2678,2678,42450071
2679,2679,42450080
2680,2680,42450083
2681,2681,42450089
2682,2682,42450275
2683,2683,42450290
2684,2684,42450325
2685,2685,42450341
2686,2686,42450426
2687,2687,42450434
2688,2688,42450456
2689,2689,42450460
2690,2690,42450468
2691,2691,42450634
2692,2692,42450641
2693,2693,42450814
2694,2694,42450820
2695,2695,42451018
2696,2696,42451332
2697,2697,42451564
2698,2698,42451593
2699,2699,42451604
2700,2700,42451650
2701,2701,42451660
2702,2702,42451665
2703,2703,42451674
2704,2704,42451695
2705,2705,42451712
2706,2706,42451736
2707,2707,42451744
2708,2708,42451754
2709,2709,42451766
2710,2710,42451773
2711,2711,42451787
2712,2712,42451932
2713,2713,42451987
2714,2714,42452006
2715,2715,42452008
2716,2716,42452015
2717,2717,42452026
2718,2718,42452040
2719,2719,42452048
2720,2720,42452056
2721,2721,42452067
2722,2722,42452076
2723,2723,42452084
2724,2724,42452107
2725,2725,42452117
2726,2726,42452130
2727,2727,42452147
2728,2728,42452276
2729,2729,42452290
2730,2730,42452310
2731,2731,42452314
2732,2732,42452330
2733,2733,42452353
2734,2734,42452365
2735,2735,42452396
2736,2736,42452485
2737,2737,42452495
2738,2738,42452556
2739,2739,42452564
2740,2740,42452598
2741,2741,42452610
2742,2742,42452613
2743,2743,42452809
2744,2744,42452812
2745,2745,42452814
2746,2746,42452816
2747,2747,42452817
2748,2748,42452875
2749,2749,42452882
2750,2750,42452936
2751,2751,42452951
2752,2752,42452954
2753,2753,42452956
2754,2754,42452973
2755,2755,42452975
2756,2756,42453000
2757,2757,42453005
2758,2758,42453007
2759,2759,42453008
2760,2760,42453011
2761,2761,42453038
2762,2762,42453059
2763,2763,42453087
2764,2764,42453104
2765,2765,42453156
2766,2766,42453158
2767,2767,42453160
2768,2768,42453166
2769,2769,42453175
2770,2770,42453177
2771,2771,42453187
2772,2772,42453216
2773,2773,42453220
2774,2774,42453226
2775,2775,42453236
2776,2776,42453241
2777,2777,42453246
2778,2778,42453251
2779,2779,42453253
2780,2780,42453258
2781,2781,42453310
2782,2782,42453349
2783,2783,42453354
2784,2784,42453365
2785,2785,42453395
2786,2786,42453398
2787,2787,42453417
2788,2788,42453442
2789,2789,42453457
2790,2790,42453468
2791,2791,42453472
2792,2792,42453575
2793,2793,42453577
2794,2794,42453586
2795,2795,42453591
2796,2796,42453601
2797,2797,42453604
2798,2798,42453607
2799,2799,42453610
2800,2800,42453613
2801,2801,42453624
2802,2802,42453630
2803,2803,42453638
2804,2804,42453669
2805,2805,42453691
2806,2806,42453700
2807,2807,42453709
2808,2808,42453714
2809,2809,42453717
2810,2810,42453757
2811,2811,42453773
2812,2812,42453777
2813,2813,42453934
2814,2814,42453952
2815,2815,42453986
2816,2816,42453999
2817,2817,42454006
2818,2818,42454010
2819,2819,42454042
2820,2820,42454089
2821,2821,42454102
2822,2822,42454189
2823,2823,42454192
2824,2824,42454196
2825,2825,42454240
2826,2826,42454300
2827,2827,42454325
2828,2828,42454328
2829,2829,42454368
2830,2830,42454378
2831,2831,42454381
2832,2832,42454391
2833,2833,42454401
2834,2834,42454423
2835,2835,42454428
2836,2836,42454433
2837,2837,42454495
2838,2838,42454522
2839,2839,42454538
2840,2840,42454553
2841,2841,42454611
2842,2842,42454622
2843,2843,42454642
2844,2844,42454660
2845,2845,42454679
2846,2846,42454691
2847,2847,42454701
2848,2848,42454742
2849,2849,42454758
2850,2850,42454893
2851,2851,42454994
2852,2852,42454997
2853,2853,42455007
2854,2854,42455013
2855,2855,42455026
2856,2856,42455051
2857,2857,42455059
2858,2858,42455083
2859,2859,42455175
2860,2860,42455181
2861,2861,42455200
2862,2862,42455234
2863,2863,42455238
2864,2864,42455245
2865,2865,42455252
2866,2866,42455259
2867,2867,42455335
2868,2868,42455337
2869,2869,42455357
2870,2870,42455396
2871,2871,42455412
2872,2872,42455452
2873,2873,42455465
2874,2874,42455493
2875,2875,42455509
2876,2876,42455643
2877,2877,42455662
2878,2878,42455666
2879,2879,42455675
2880,2880,42455693
2881,2881,42455694
2882,2882,42455695
2883,2883,42455705
2884,2884,42455735
2885,2885,42455751
2886,2886,42455761
2887,2887,42455867
2888,2888,42455887
2889,2889,42455897
2890,2890,42455915
2891,2891,42455929
2892,2892,42455932
2893,2893,42455934
2894,2894,42455963
2895,2895,42456041
2896,2896,42456049
2897,2897,42456060
2898,2898,42456066
2899,2899,42456076
2900,2900,42456091
2901,2901,42456101
2902,2902,42456107
2903,2903,42456110
2904,2904,42456115
2905,2905,42456162
2906,2906,42456197
2907,2907,42456205
2908,2908,42456206
2909,2909,42456211
2910,2910,42456259
2911,2911,42456303
2912,2912,42456492
2913,2913,42456543
2914,2914,42456555
2915,2915,42456568
2916,2916,42456575
2917,2917,42456578
2918,2918,42456598
2919,2919,42456611
2920,2920,42456683
2921,2921,42456708
2922,2922,42456711
2923,2923,42456831
2924,2924,42456888
2925,2925,42456979
2926,2926,42456986
2927,2927,42457209
2928,2928,42457282
2929,2929,42457311
2930,2930,42457319
2931,2931,42457325
2932,2932,42457401
2933,2933,42457421
2934,2934,42457426
2935,2935,42457476
2936,2936,42457660
2937,2937,42457728
2938,2938,42457735
2939,2939,42457788
2940,2940,42457821
2941,2941,42457925
2942,2942,42457940
2943,2943,42458112
2944,2944,42458267
2945,2945,42458313
2946,2946,42458333
2947,2947,42458342
2948,2948,42458728
2949,2949,42458766
2950,2950,42458936
2951,2951,42458960
2952,2952,42459041
2953,2953,42459098
2954,2954,42459114
2955,2955,42459137
2956,2956,42459180
2957,2957,42459436
2958,2958,42459493
2959,2959,42459579
2960,2960,42459636
2961,2961,42459820
2962,2962,42719455
2963,2963,42719457
2964,2964,42719470
2965,2965,42724756
2966,2966,42725324
2967,2967,42725346
2968,2968,42725481
2969,2969,42725739
2970,2970,42725827
2971,2971,42728921
2972,2972,42732838
2973,2973,42732842
2974,2974,42732845
2975,2975,42732852
2976,2976,42732863
2977,2977,42732872
2978,2978,42732876
2979,2979,42732879
2980,2980,42733551
2981,2981,42733555
2982,2982,42733560
2983,2983,42733563
2984,2984,42733678
2985,2985,42733681
2986,2986,42733686
2987,2987,42733689
2988,2988,42733691
2989,2989,42733948
2990,2990,42734141
2991,2991,42734146
2992,2992,42734149
2993,2993,42734150
2994,2994,42735676
2995,2995,42735679
2996,2996,42737608
2997,2997,42737695
2998,2998,42737705
2999,2999,42737735
3000,3000,42739603
3001,3001,42739615
3002,3002,42741436
3003,3003,42741440
3004,3004,42741445
3005,3005,42741467
3006,3006,42743020
3007,3007,42743421
3008,3008,42743502
3009,3009,42743504
3010,3010,42743507
3011,3011,42743861
3012,3012,42743865
3013,3013,42743872
3014,3014,42747169
3015,3015,42747174
3016,3016,42747177
3017,3017,42747180
3018,3018,42749813
3019,3019,42749817
3020,3020,42751188
3021,3021,42753240
3022,3022,42753246
3023,3023,42758654
3024,3024,42760015
3025,3025,42760999
3026,3026,42761006
3027,3027,42761217
3028,3028,42761233
3029,3029,42761235
3030,3030,42764987
3031,3031,42768489
3032,3032,42768499
3033,3033,42775133
3034,3034,42775135
3035,3035,42777866
3036,3036,42777926
3037,3037,42777962
3038,3038,42779702
3039,3039,42786594
3040,3040,42786626
3041,3041,42793624
3042,3042,42804992
3043,3043,42806188
3044,3044,42806193
3045,3045,42807444
3046,3046,42807546
3047,3047,42807549
3048,3048,42807554
3049,3049,42807557
3050,3050,42810468
3051,3051,42810470
3052,3052,42811421
3053,3053,42811423
3054,3054,42811426
3055,3055,42811429
3056,3056,42811435
3057,3057,42811439
3058,3058,42815748
3059,3059,42815750
3060,3060,42815755
3061,3061,42815764
3062,3062,42815770
3063,3063,42818101
3064,3064,42818104
3065,3065,42818107
3066,3066,42818110
3067,3067,42818112
3068,3068,42818118
3069,3069,42818120
3070,3070,42823482
3071,3071,42824071
3072,3072,42824080
3073,3073,42824085
3074,3074,42824088
3075,3075,42824399
3076,3076,42824405
3077,3077,42824480
3078,3078,42825525
3079,3079,42825534
3080,3080,42825539
3081,3081,42825542
3082,3082,42825544
3083,3083,42825887
3084,3084,42825900
3085,3085,42825901
3086,3086,42825906
3087,3087,42825913
3088,3088,42826801
3089,3089,42826802
3090,3090,42826813
3091,3091,42826820
3092,3092,42826823
3093,3093,42826825
3094,3094,42826837
3095,3095,42826843
3096,3096,42826850
3097,3097,42826856
3098,3098,42826857
3099,3099,42826860
3100,3100,42826864
3101,3101,42826868
3102,3102,42826872
3103,3103,42826875
3104,3104,42826878
3105,3105,42826882
3106,3106,42826890
3107,3107,42826898
3108,3108,42826923
3109,3109,42826926
3110,3110,42826930
3111,3111,42826933
3112,3112,42826940
3113,3113,42826957
3114,3114,42832449
3115,3115,42832453
3116,3116,42836082
3117,3117,42836084
3118,3118,42836093
3119,3119,42843270
3120,3120,42843274
3121,3121,42844233
3122,3122,42844241
3123,3123,42844248
3124,3124,42844251
3125,3125,42849225
3126,3126,42852794
3127,3127,42852816
3128,3128,42852827
3129,3129,42855824
3130,3130,42856504
3131,3131,42860527
3132,3132,42860531
3133,3133,42861335
3134,3134,42861342
3135,3135,42866842
3136,3136,42866845
3137,3137,42866850
3138,3138,42866903
3139,3139,42866905
3140,3140,42866908
3141,3141,42866912
3142,3142,42866920
3143,3143,42866924
3144,3144,42866935
3145,3145,42866942
3146,3146,42866953
3147,3147,42867023
3148,3148,42867027
3149,3149,42867029
3150,3150,42867035
3151,3151,42867040
3152,3152,42876743
3153,3153,42876747
3154,3154,42876752
3155,3155,42881130
3156,3156,42881445
3157,3157,42882960
3158,3158,42889756
3159,3159,42889760
3160,3160,42889767
3161,3161,42890426
3162,3162,42890429
3163,3163,42890434
3164,3164,42890438
3165,3165,42890447
3166,3166,42890450
3167,3167,42890454
3168,3168,42890462
3169,3169,42895302
3170,3170,42895303
3171,3171,42898031
3172,3172,42901546
3173,3173,42906413
3174,3174,42906419
3175,3175,42909195
3176,3176,42909201
3177,3177,42909227
3178,3178,42909231
3179,3179,42909236
3180,3180,42909241
3181,3181,42926487
3182,3182,42926489
3183,3183,42926712
3184,3184,42941801
3185,3185,60918583
3186,3186,60918586
3187,3187,60918686
3188,3188,60918736
3189,3189,60921162
3190,3190,60921167
3191,3191,60925101
3192,3192,60925316
3193,3193,60925389
3194,3194,60925555
3195,3195,60925716
3196,3196,60925795
3197,3197,60925950
3198,3198,60925991
3199,3199,60926009
3200,3200,60926076
3201,3201,60926616
3202,3202,60926787
3203,3203,60926791
3204,3204,60926905
3205,3205,60927291
3206,3206,60927487
3207,3207,60927650
3208,3208,60927817
3209,3209,60927819
3210,3210,60927822
3211,3211,60927823
3212,3212,60927825
3213,3213,60927827
3214,3214,60928402
3215,3215,60928432
3216,3216,60928596
3217,3217,60928599
3218,3218,60928608
3219,3219,60928839
3220,3220,60929894
3221,3221,100522479
3222,3222,100522728
3223,3223,100522741
3224,3224,193868326
3225,3225,246648219
3226,3226,246649427
3227,3227,246649429
3228,3228,246857084
3229,3229,246858431
3230,3230,246858433
3231,3231,246858435
3232,3232,246858445
3233,3233,246858448
3234,3234,246858449
3235,3235,246889362
3236,3236,246889572
3237,3237,246890098
3238,3238,246890279
3239,3239,246890579
3240,3240,247223720
3241,3241,248708582
3242,3242,248708583
3243,3243,250546966
3244,3244,254342293
3245,3245,272194254
3246,3246,272195270
3247,3247,272195271
3248,3248,274342021
3249,3249,274342024
3250,3250,276033444
3251,3251,276038022
3252,3252,276316979
3253,3253,276317107
3254,3254,276318039
3255,3255,276318040
3256,3256,276318043
3257,3257,276318084
3258,3258,276318085
3259,3259,276318086
3260,3260,276318087
3261,3261,276320116
3262,3262,276320117
3263,3263,277046385
3264,3264,277124927
3265,3265,277481436
3266,3266,277481521
3267,3267,277481572
3268,3268,277482068
3269,3269,277482087
3270,3270,277482094
3271,3271,277482105
3272,3272,277482205
3273,3273,277482212
3274,3274,277482241
3275,3275,277482339
3276,3276,277482762
3277,3277,278609934
3278,3278,302095403
3279,3279,339044224
3280,3280,358447541
3281,3281,358448394
3282,3282,370705004
3283,3283,370888100
3284,3284,370888101
3285,3285,370892861
3286,3286,370893396
3287,3287,370893397
3288,3288,370894980
3289,3289,370896902
3290,3290,370897166
3291,3291,370898427
3292,3292,370912817
3293,3293,370913758
3294,3294,370913779
3295,3295,370914027
3296,3296,370915061
3297,3297,370924677
3298,3298,370924957
3299,3299,370927297
3300,3300,371037281
3301,3301,371188320
3302,3302,371188750
3303,3303,371188756
3304,3304,371197453
3305,3305,371206271
3306,3306,371206274
3307,3307,371207282
3308,3308,371209940
3309,3309,371216381
3310,3310,371218803
3311,3311,371225088
3312,3312,371225132
3313,3313,371239958
3314,3314,371239962
3315,3315,371337140
3316,3316,371337145
3317,3317,371337150
3318,3318,371337175
3319,3319,371337197
3320,3320,371337226
3321,3321,371337227
3322,3322,371337239
3323,3323,371337241
3324,3324,371337250
3325,3325,371337269
3326,3326,373755525
3327,3327,373756705
3328,3328,373760396
3329,3329,373772209
3330,3330,373778409
3331,3331,373780963
3332,3332,373850916
3333,3333,373880031
3334,3334,374472690
3335,3335,374482644
3336,3336,374494595
3337,3337,387180916
3338,3338,387184869
3339,3339,390519635
3340,3340,402475097
3341,3341,406006393
3342,3342,406048768
3343,3343,427840965
3344,3344,427840984
3345,3345,427840998
3346,3346,427841011
3347,3347,427841023
3348,3348,427841034
3349,3349,427841050
3350,3350,427841053
3351,3351,427841062
3352,3352,427841071
3353,3353,427841073
3354,3354,427842069
3355,3355,427842070
3356,3356,427842140
3357,3357,427845226
3358,3358,427845236
3359,3359,427850840
3360,3360,449581627
3361,3361,470209120
3362,3362,470209122
3363,3363,471242348
3364,3364,471242600
3365,3365,471243365
3366,3366,482807376
3367,3367,486867405
3368,3368,486867432
3369,3369,486867459
3370,3370,486867490
3371,3371,486867513
3372,3372,486867534
3373,3373,486867548
3374,3374,486868138
3375,3375,486868830
3376,3376,486868873
3377,3377,486869282
3378,3378,496707000
3379,3379,496707003
3380,3380,529049384
3381,3381,529049398
3382,3382,529049399
3383,3383,529051337
3384,3384,529054699
3385,3385,529054843
3386,3386,529062089
3387,3387,529062409
3388,3388,529063439
3389,3389,529280909
3390,3390,529283310
3391,3391,529285542
3392,3392,529290569
3393,3393,529292924
3394,3394,541467364
3395,3395,561035330
3396,3396,561035333
3397,3397,561035334
3398,3398,561035335
3399,3399,561035338
3400,3400,561035342
3401,3401,561035343
3402,3402,561035344
3403,3403,561035346
3404,3404,561035349
3405,3405,561035350
3406,3406,561035351
3407,3407,561035353
3408,3408,561035354
3409,3409,561035355
3410,3410,561035356
3411,3411,561035357
3412,3412,561035358
3413,3413,561035359
3414,3414,561035360
3415,3415,561035361
3416,3416,561035362
3417,3417,561035363
3418,3418,561035364
3419,3419,561035365
3420,3420,561035366
3421,3421,561035367
3422,3422,561035368
3423,3423,561035369
3424,3424,561035370
3425,3425,561035371
3426,3426,561035372
3427,3427,561035373
3428,3428,561035374
3429,3429,561035375
3430,3430,561035376
3431,3431,561035377
3432,3432,561035378
3433,3433,561035379
3434,3434,561035380
3435,3435,561035381
3436,3436,561035382
3437,3437,561042188
3438,3438,561042190
3439,3439,561042191
3440,3440,561042192
3441,3441,561042193
3442,3442,561042194
3443,3443,561042195
3444,3444,561042197
3445,3445,561042198
3446,3446,561042199
3447,3447,561042200
3448,3448,567820415
3449,3449,567820429
3450,3450,567820468
3451,3451,587812578
3452,3452,587861515
3453,3453,587933855
3454,3454,587933945
3455,3455,587934073
3456,3456,587934079
3457,3457,587934139
3458,3458,587934172
3459,3459,587934263
3460,3460,587934268
3461,3461,587934311
3462,3462,587934347
3463,3463,587934436
3464,3464,588178799
3465,3465,588178801
3466,3466,588455697
3467,3467,588455698
3468,3468,588455700
3469,3469,588455701
3470,3470,588455742
3471,3471,588455743
3472,3472,588455858
3473,3473,588545728
3474,3474,589099734
3475,3475,589099881
3476,3476,589100164
3477,3477,589100228
3478,3478,589100267
3479,3479,589100791
3480,3480,589298105
3481,3481,589298326
3482,3482,589927878
3483,3483,589927879
3484,3484,589927903
3485,3485,589927921
3486,3486,589927943
3487,3487,589927965
3488,3488,589927991
3489,3489,589927993
3490,3490,589927996
3491,3491,589928003
3492,3492,589928020
3493,3493,589928028
3494,3494,589928029
3495,3495,589928030
3496,3496,589928033
3497,3497,589928034
3498,3498,589928035
3499,3499,589928037
3500,3500,589928038
3501,3501,589928039
3502,3502,589928040
3503,3503,589928041
3504,3504,589928042
3505,3505,589928047
3506,3506,589929417
3507,3507,591454081
3508,3508,592484776
3509,3509,592509222
3510,3510,593216034
3511,3511,593300940
3512,3512,593416866
3513,3513,593428194
3514,3514,593816275
3515,3515,593886226
3516,3516,593886253
3517,3517,593988920
3518,3518,595105472
3519,3519,595105496
3520,3520,595105499
3521,3521,595105531
3522,3522,595105538
3523,3523,595105581
3524,3524,595314028
3525,3525,595314036
3526,3526,595314040
3527,3527,595314103
3528,3528,595314104
3529,3529,595314114
3530,3530,595314119
3531,3531,595314120
3532,3532,595314125
3533,3533,595320307
3534,3534,595352889
3535,3535,595352897
3536,3536,595352904
3537,3537,595352906
3538,3538,595352907
3539,3539,595352915
3540,3540,595407648
3541,3541,595436395
3542,3542,595441949
3543,3543,595441960
3544,3544,595448603
3545,3545,595480989
3546,3546,595481001
3547,3547,595484175
3548,3548,595703226
3549,3549,595729838
3550,3550,595729841
3551,3551,595729852
3552,3552,595776439
3553,3553,595779503
3554,3554,595786271
3555,3555,595790186
3556,3556,595790188
3557,3557,595790192
3558,3558,595800973
3559,3559,595801009
3560,3560,595801152
3561,3561,595801153
3562,3562,595801154
3563,3563,595801157
3564,3564,595801158
3565,3565,595801159
3566,3566,595801192
3567,3567,595801202
3568,3568,596775808
3569,3569,596775819
3570,3570,596775825
3571,3571,596775840
3572,3572,596775867
3573,3573,596775870
3574,3574,596775876
3575,3575,596775882
3576,3576,596775900
3577,3577,596775907
3578,3578,596775914
3579,3579,596775919
3580,3580,596775930
3581,3581,596775935
3582,3582,596775941
3583,3583,596775946
3584,3584,596775951
3585,3585,596775963
3586,3586,596775973
3587,3587,596775979
3588,3588,596775985
3589,3589,596775998
3590,3590,596776009
3591,3591,596776017
3592,3592,596776021
3593,3593,596776027
3594,3594,596776032
3595,3595,596776041
3596,3596,596776046
3597,3597,596776052
3598,3598,596776057
3599,3599,596776063
3600,3600,596776074
3601,3601,596776078
3602,3602,596776083
3603,3603,596776089
3604,3604,596776095
3605,3605,596776103
3606,3606,596776115
3607,3607,596776120
3608,3608,596776127
3609,3609,596776132
3610,3610,596776144
3611,3611,596776150
3612,3612,596776156
3613,3613,596776163
3614,3614,596776164
3615,3615,596776165
3616,3616,596776166
3617,3617,596776167
3618,3618,596776173
3619,3619,596776177
3620,3620,596776201
3621,3621,596776224
3622,3622,596776231
3623,3623,596776260
3624,3624,596776314
3625,3625,596776325
3626,3626,596776349
3627,3627,596776386
3628,3628,596776413
3629,3629,596776442
3630,3630,596776474
3631,3631,596776497
3632,3632,596776534
3633,3633,596776546
3634,3634,596776578
3635,3635,596776594
3636,3636,596776613
3637,3637,596776624
3638,3638,596776654
3639,3639,596776656
3640,3640,596776659
3641,3641,596788016
3642,3642,596799866
3643,3643,596799891
3644,3644,596800103
3645,3645,597237255
3646,3646,597237260
3647,3647,597237382
3648,3648,597237400
3649,3649,597241928
3650,3650,627905367
3651,3651,685164634
3652,3652,685164636
3653,3653,701223492
3654,3654,701223494
3655,3655,721845311
3656,3656,731930601
3657,3657,731931110
3658,3658,740060236
3659,3659,748726602
3660,3660,761293063
3661,3661,761293064
3662,3662,761293078
3663,3663,761293090
3664,3664,761329683
3665,3665,764744759
3666,3666,765367023
3667,3667,889298452
3668,3668,1061531429
3669,3669,1061531447
3670,3670,1061531448
3671,3671,1061531454
3672,3672,1061531491
3673,3673,1061531496
3674,3674,1061531500
3675,3675,1061531504
3676,3676,1061531509
3677,3677,1061531525
3678,3678,1061531527
3679,3679,1061531550
3680,3680,1061531566
3681,3681,1061531575
3682,3682,1061531593
3683,3683,1061531596
3684,3684,1061531597
3685,3685,1061531603
3686,3686,1061531608
3687,3687,1061531631
3688,3688,1061531634
3689,3689,1061531637
3690,3690,1061531645
3691,3691,1061531654
3692,3692,1061531682
3693,3693,1061531683
3694,3694,1061531685
3695,3695,1061531695
3696,3696,1061531707
3697,3697,1061531717
3698,3698,1061531727
3699,3699,1061531730
3700,3700,1061531731
3701,3701,1061531736
3702,3702,1061531757
3703,3703,1061531768
3704,3704,1061531777
3705,3705,1061531787
3706,3706,1061531790
3707,3707,1061531802
3708,3708,1061531803
3709,3709,1061531807
3710,3710,1061531810
3711,3711,1061531815
3712,3712,1061531818
3713,3713,1061531839
3714,3714,1061531847
3715,3715,1202018697
3716,3716,1203709420
3717,3717,1205714910
3718,3718,1241742563
3719,3719,1241742627
3720,3720,1241742743
3721,3721,1241820953
3722,3722,1241820956
3723,3723,1241820975
3724,3724,1241986437
3725,3725,1241986495
3726,3726,1241986499
3727,3727,1241986580
3728,3728,1241986599
3729,3729,1241986643
3730,3730,1241986707
3731,3731,1242159743
3732,3732,1242159811
3733,3733,1242879136
3734,3734,1272562931
3735,3735,1331391393
3736,3736,1332860726
3737,3737,1332860731
3738,3738,1504153604
3739,3739,1504153626
3740,3740,1506445711
3741,3741,1506445762
3742,3742,1506445789
3743,3743,1506445797
3744,3744,1506445808
3745,3745,1506445821
3746,3746,1506445822
3747,3747,1506591534
3748,3748,1506591536
3749,3749,1506599377
3750,3750,1506599378
3751,3751,1506902240
3752,3752,1533280147
3753,3753,1538237248
3754,3754,1538237434
3755,3755,1544809885
3756,3756,1544809886
3757,3757,1632878885
3758,3758,1632878962
3759,3759,1632878994
3760,3760,1692433907
3761,3761,1692433911
3762,3762,1692433914
3763,3763,1692433916
3764,3764,1692433918
3765,3765,1692433919
3766,3766,1692433920
3767,3767,1692433924
3768,3768,1692433928
3769,3769,1692433932
3770,3770,1692433935
3771,3771,1692433938
3772,3772,1692433939
3773,3773,1692433940
3774,3774,1692433941
3775,3775,1692433942
3776,3776,1692450029
3777,3777,1696727885
3778,3778,1701844605
3779,3779,1701844618
3780,3780,1701844664
3781,3781,1701844698
3782,3782,1705982030
3783,3783,1733612450
3784,3784,1733614298
3785,3785,1762221470
3786,3786,1763608189
3787,3787,1763748995
3788,3788,1763749977
3789,3789,1763787328
3790,3790,1764400286
3791,3791,1764400288
3792,3792,1764400297
3793,3793,1764400300
3794,3794,1764400302
3795,3795,1764400304
3796,3796,1764424345
3797,3797,1764626357
3798,3798,1764647101
3799,3799,1764647103
3800,3800,1773055865
3801,3801,1773060097
3802,3802,1773060099
3803,3803,1773063787
3804,3804,1773063789
3805,3805,1773066054
3806,3806,1773076509
3807,3807,1773076511
3808,3808,1773076513
3809,3809,1773076778
3810,3810,1773078006
3811,3811,1773082408
3812,3812,1773082410
3813,3813,1773084391
3814,3814,1773084402
3815,3815,1773084405
3816,3816,1773084407
3817,3817,1773084410
3818,3818,1773121034
3819,3819,1775176473
3820,3820,1775201764
3821,3821,1775260897
3822,3822,1795811317
3823,3823,1807940789
3824,3824,1815133244
3825,3825,1825841655
3826,3826,1825841693
3827,3827,1825841704
3828,3828,1825841742
3829,3829,1825841743
3830,3830,1829177258
3831,3831,1905863520
3832,3832,1918039864
3833,3833,1918039869
3834,3834,1918039876
3835,3835,1918039877
3836,3836,1918039880
3837,3837,1918039896
3838,3838,1918039897
3839,3839,1918039898
3840,3840,1918039901
3841,3841,1918039904
3842,3842,1919595910
3843,3843,1919595911
3844,3844,1919595912
3845,3845,1919595914
3846,3846,1919595915
3847,3847,1919595917
3848,3848,1919595918
3849,3849,1919595921
3850,3850,1919595922
3851,3851,1919595923
3852,3852,1919595924
3853,3853,1919595925
3854,3854,1919595926
3855,3855,1919595927
3856,3856,1919595928
3857,3857,1921369840
3858,3858,1934650086
3859,3859,1989931095
3860,3860,1996323622
3861,3861,2029349871
3862,3862,2054405674
3863,3863,2054405680
3864,3864,2054405689
3865,3865,2061592973
3866,3866,2075592658
3867,3867,2075596386
3868,3868,2093008357
3869,3869,2099150501
3870,3870,2140994070
3871,3871,2140997997
3872,3872,2140997998
3873,3873,2141002590
3874,3874,2141002593
3875,3875,2141026491
3876,3876,2141026492
3877,3877,2141026493
3878,3878,2141026494
3879,3879,2141026495
3880,3880,2141026496
3881,3881,2141026497
3882,3882,2141026498
3883,3883,2141026499
3884,3884,2141026500
3885,3885,2141026501
3886,3886,2141026502
3887,3887,2141026503
3888,3888,2141026504
3889,3889,2141026505
3890,3890,2141026506
3891,3891,2141026507
3892,3892,2141026508
3893,3893,2141026509
3894,3894,2141026510
3895,3895,2141026511
3896,3896,2141026513
3897,3897,2141026514
3898,3898,2141026515
3899,3899,2141026516
3900,3900,2141026518
3901,3901,2141026520
3902,3902,2141026521
3903,3903,2141026522
3904,3904,2141026523
3905,3905,2141026524
3906,3906,2141026525
3907,3907,2141026532
3908,3908,2141026534
3909,3909,2141026536
3910,3910,2141026538
3911,3911,2141026540
3912,3912,2141026542
3913,3913,2141026544
3914,3914,2141026546
3915,3915,2141026548
3916,3916,2141026551
3917,3917,2297172752
3918,3918,2297172754
3919,3919,2298803426
3920,3920,2298803428
3921,3921,2298803471
3922,3922,2298803479
3923,3923,2298803501
3924,3924,2298803502
3925,3925,2300353500
3926,3926,2302133933
3927,3927,2323814568
3928,3928,2324482224
3929,3929,2383895311
3930,3930,2383895312
3931,3931,2387504625
3932,3932,2402842572
3933,3933,2402842573
3934,3934,2408209083
3935,3935,2408448893
3936,3936,2408448896
3937,3937,2408448905
3938,3938,2408974705
3939,3939,2408974720
3940,3940,2408985655
3941,3941,2459401771
3942,3942,2472695920
3943,3943,2472695922
3944,3944,2472695924
3945,3945,2472695933
3946,3946,2472695935
3947,3947,2481877063
3948,3948,2481877071
3949,3949,2482581646
3950,3950,2499757467
3951,3951,2499757469
3952,3952,2499803004
3953,3953,2499803009
3954,3954,2499827795
3955,3955,2504882466
3956,3956,2504882471
3957,3957,2504882506
3958,3958,2512378850
3959,3959,2541754688
3960,3960,2541754747
3961,3961,2546166800
3962,3962,2567558915
3963,3963,2609933834
3964,3964,2611640958
3965,3965,2629162213
3966,3966,2629162214
3967,3967,2711029280
3968,3968,2796727177
3969,3969,2799368116
3970,3970,2799469682
3971,3971,2799469684
3972,3972,2799547042
3973,3973,2821304136
3974,3974,2821304137
3975,3975,2821304138
3976,3976,2821304143
3977,3977,2821304145
3978,3978,2821304146
3979,3979,2826997293
3980,3980,2826997294
3981,3981,2826997295
3982,3982,2891717842
3983,3983,2926115549
3984,3984,2974462027
3985,3985,3037017931
3986,3986,3037153849
3987,3987,3039386415
3988,3988,3039386649
3989,3989,3039863365
3990,3990,3040306430
3991,3991,3044457240
3992,3992,3099326116
3993,3993,3099326117
3994,3994,3099326118
3995,3995,3099326119
3996,3996,3099326120
3997,3997,3099326121
3998,3998,3099326122
3999,3999,3099326124
4000,4000,3099326126
4001,4001,3099326127
4002,4002,3099326128
4003,4003,3099327930
4004,4004,3099327931
4005,4005,3099327935
4006,4006,3099327937
4007,4007,3099327940
4008,4008,3099327944
4009,4009,3099327945
4010,4010,3099327948
4011,4011,3099327950
4012,4012,3099327951
4013,4013,3099327952
4014,4014,3099327955
4015,4015,3099327957
4016,4016,3099327961
4017,4017,3099327962
4018,4018,3099327964
4019,4019,3099327965
4020,4020,3099327966
4021,4021,3099327968
4022,4022,3099327970
4023,4023,3099327972
4024,4024,3099327974
4025,4025,3099327975
4026,4026,3099327976
4027,4027,3114703224
4028,4028,3212472843
4029,4029,3212472963
4030,4030,3212472978
4031,4031,3247295579
4032,4032,3269867944
4033,4033,3270031002
4034,4034,3270031028
4035,4035,3270031030
4036,4036,3270031031
4037,4037,3430331121
4038,4038,3430331122
4039,4039,3480679963
4040,4040,3529496430
4041,4041,3549074022
4042,4042,3551738975
4043,4043,3551756586
4044,4044,3567807957
4045,4045,3569749128
4046,4046,3570003194
4047,4047,3575033021
4048,4048,3575033028
4049,4049,3575046216
4050,4050,3579426871
4051,4051,3579426874
4052,4052,3579432156
4053,4053,3579432159
4054,4054,3579432160
4055,4055,3579432161
4056,4056,3579432162
4057,4057,3584752508
4058,4058,3588508439
4059,4059,3607948335
4060,4060,3607948339
4061,4061,3607948344
4062,4062,3624790934
4063,4063,3630219668
4064,4064,3631837584
4065,4065,3631837585
4066,4066,3638049583
4067,4067,3638058983
4068,4068,3639382767
4069,4069,3639382768
4070,4070,3640160580
4071,4071,3640160581
4072,4072,3647451367
4073,4073,3647451368
4074,4074,3670609093
4075,4075,3702296508
4076,4076,3718637426
4077,4077,3718672443
4078,4078,3772840882
4079,4079,3783071109
4080,4080,3783071112
4081,4081,3785522931
4082,4082,3785532381
4083,4083,3785532382
4084,4084,3785575833
4085,4085,3785575834
4086,4086,3785586743
4087,4087,3785649062
4088,4088,3785702957
4089,4089,3785702958
4090,4090,3785702959
4091,4091,3785702998
4092,4092,3786728557
4093,4093,3786728678
4094,4094,3786728679
4095,4095,3786728763
4096,4096,3786728788
4097,4097,3786741452
4098,4098,3786901738
4099,4099,3786901743
4100,4100,3788379733
4101,4101,3829675223
4102,4102,3831856757
4103,4103,3834923371
4104,4104,3843180751
4105,4105,3846772737
4106,4106,3858909357
4107,4107,3884569924
4108,4108,3884569931
4109,4109,3891963915
4110,4110,3892037906
4111,4111,3931519753
4112,4112,3931524258
4113,4113,3931524260
4114,4114,3931524261
4115,4115,3931534870
4116,4116,3931534871
4117,4117,4015190382
4118,4118,4016646206
4119,4119,4016646214
4120,4120,4121409402
4121,4121,4133206254
4122,4122,4137021568
4123,4123,4138911201
4124,4124,4142105811
4125,4125,4142105812
4126,4126,4142105813
4127,4127,4142105822
4128,4128,4143851142
4129,4129,4143851144
4130,4130,4143859865
4131,4131,4143859873
4132,4132,4143875757
4133,4133,4145424858
4134,4134,4158673495
4135,4135,4158807592
4136,4136,4161568888
4137,4137,4163883691
4138,4138,4163940359
4139,4139,4202908174
4140,4140,4205440426
4141,4141,4205440429
4142,4142,4205565533
4143,4143,4205865492
4144,4144,4207143418
4145,4145,4207143421
4146,4146,4207143428
4147,4147,4207700494
4148,4148,4207806923
4149,4149,4207862995
4150,4150,4207862996
4151,4151,4207862997
4152,4152,4207862998
4153,4153,4207863943
4154,4154,4207899735
4155,4155,4207962275
4156,4156,4235734223
4157,4157,4235734225
4158,4158,4259278549
4159,4159,4274141356
4160,4160,4288677093
4161,4161,4300940094
4162,4162,4320028826
4163,4163,4321748237
4164,4164,4321748238
4165,4165,4332491210
4166,4166,4347534767
4167,4167,4347534783
4168,4168,4347550065
4169,4169,4347550071
4170,4170,4347550074
4171,4171,4375208206
4172,4172,4411700985
4173,4173,4412043541
4174,4174,4443775464
4175,4175,4443775465
4176,4176,4461990857
4177,4177,4477147269
4178,4178,4477147270
4179,4179,4478001045
4180,4180,4487582555
4181,4181,4487582556
4182,4182,4487582557
4183,4183,4491359481
4184,4184,4492821528
4185,4185,4506716195
4186,4186,4515465264
4187,4187,4557495130
4188,4188,4557517549
4189,4189,4557517550
4190,4190,4557517552
4191,4191,4557517554
4192,4192,4557517555
4193,4193,4561384853
4194,4194,4562863353
4195,4195,4573599938
4196,4196,4578218122
4197,4197,4597668020
4198,4198,4597668023
4199,4199,4597668026
4200,4200,4597668028
4201,4201,4597668029
4202,4202,4597668030
4203,4203,4597668031
4204,4204,4597668032
4205,4205,4597668033
4206,4206,4597668035
4207,4207,4597668036
4208,4208,4597668038
4209,4209,4597668039
4210,4210,4597668040
4211,4211,4597668041
4212,4212,4597668042
4213,4213,4597668043
4214,4214,4597668044
4215,4215,4602414021
4216,4216,4616536348
4217,4217,4616536351
4218,4218,4616536352
4219,4219,4625620212
4220,4220,4625620213
4221,4221,4629486879
4222,4222,4675915069
4223,4223,4679523591
4224,4224,4679523595
4225,4225,4679523598
4226,4226,4685453634
4227,4227,4685453636
4228,4228,4685462237
4229,4229,4685462240
4230,4230,4708064890
4231,4231,4754091366
4232,4232,4778174564
4233,4233,4779073677
4234,4234,4779073679
4235,4235,4779073680
4236,4236,4814440062
4237,4237,4831004965
4238,4238,4841945993
4239,4239,4841945995
4240,4240,4862610026
4241,4241,4878831008
4242,4242,4886250352
4243,4243,4888388399
4244,4244,4954493915
4245,4245,4954493920
4246,4246,5004570627
4247,4247,5004570630
4248,4248,5004570631
4249,4249,5004570632
4250,4250,5004570644
4251,4251,5004570651
4252,4252,5004570653
4253,4253,5007384486
4254,4254,5048446874
4255,4255,5048446875
4256,4256,5051485230
4257,4257,5071822871
4258,4258,5131026388
4259,4259,5137743341
4260,4260,5137747688
4261,4261,5137978709
4262,4262,5145323793
4263,4263,5145330172
4264,4264,5145531517
4265,4265,5151708184
4266,4266,5159433792
4267,4267,5161246301
4268,4268,5161246307
4269,4269,5163687759
4270,4270,5173594703
4271,4271,5174867983
4272,4272,5212739096
4273,4273,5214547507
4274,4274,5214547508
4275,4275,5214547509
4276,4276,5214547511
4277,4277,5214547513
4278,4278,5216470727
4279,4279,5286408252
4280,4280,5333189421
4281,4281,5333189422
4282,4282,5333189423
4283,4283,5333189424
4284,4284,5333189426
4285,4285,5333189427
4286,4286,5333189428
4287,4287,5335109935
4288,4288,5370086778
4289,4289,5370087333
4290,4290,5378686574
4291,4291,5426969134
4292,4292,5481863739
4293,4293,5482247588
4294,4294,5482291262
4295,4295,5487036755
4296,4296,5487813168
4297,4297,5487813176
4298,4298,5491803931
4299,4299,5491803946
4300,4300,5542680310
4301,4301,5542680312
4302,4302,5542680313
4303,4303,5550244687
4304,4304,5550244688
4305,4305,5550244689
4306,4306,5706568625
4307,4307,5706568658
4308,4308,5706568771
4309,4309,5706569898
4310,4310,5706569905
4311,4311,5749215967
4312,4312,5749889413
4313,4313,5749889415
4314,4314,5763775589
4315,4315,5779545445
4316,4316,5796726888
4317,4317,5798966629
4318,4318,5799117240
4319,4319,5799117244
4320,4320,5799766717
4321,4321,5812723033
4322,4322,5812723035
4323,4323,5812723036
4324,4324,5837088104
4325,4325,5837088105
4326,4326,5838916777
4327,4327,5843576975
4328,4328,5849918502
4329,4329,5849918504
4330,4330,5852272391
4331,4331,5871340510
4332,4332,5871373017
4333,4333,5890982665
4334,4334,5906371179
4335,4335,5916527828
4336,4336,5959765085
4337,4337,5993830853
4338,4338,6086355078
4339,4339,6096486614
4340,4340,6096486615
4341,4341,6117189987
4342,4342,6123654602
4343,4343,6133355290
4344,4344,6159356499
4345,4345,6159356505
4346,4346,6166333236
4347,4347,6166333257
4348,4348,6166333258
4349,4349,6166413694
4350,4350,6166413695
4351,4351,6166969757
4352,4352,6173564360
4353,4353,6176483595
4354,4354,6176628861
4355,4355,6177439749
4356,4356,6177439750
4357,4357,6177439752
4358,4358,6177439759
4359,4359,6181480033
4360,4360,6185259892
4361,4361,6185447546
4362,4362,6198320765
4363,4363,6207264908
4364,4364,6210448840
4365,4365,6210448846
4366,4366,6210448855
4367,4367,6210448857
4368,4368,6210448862
4369,4369,6210448866
4370,4370,6211332483
4371,4371,6211334202
4372,4372,6213204061
4373,4373,6214889055
4374,4374,6223571521
4375,4375,6223571522
4376,4376,6223571523
4377,4377,6223571524
4378,4378,6223969260
4379,4379,6266152785
4380,4380,6279091713
4381,4381,6289180298
4382,4382,6324329769
4383,4383,6330018917
4384,4384,6417761624
4385,4385,6431058183
4386,4386,6511274595
4387,4387,6515269079
4388,4388,6516908811
4389,4389,6518638079
4390,4390,6572026580
4391,4391,6593145588
4392,4392,6594514422
4393,4393,6594863439
4394,4394,6594863440
4395,4395,6594863441
4396,4396,6633355338
4397,4397,6633383602
4398,4398,6636032331
4399,4399,6680686184
4400,4400,6680686985
4401,4401,6744466013
4402,4402,6781146560
4403,4403,6795905097
4404,4404,6813350876
4405,4405,6852833836
4406,4406,6865282549
4407,4407,6867580414
4408,4408,6868145381
4409,4409,6882378422
4410,4410,6885524021
4411,4411,6885524030
4412,4412,6928075146
4413,4413,6929267009
4414,4414,6929267014
4415,4415,6929267015
4416,4416,6929267030
4417,4417,6929267035
4418,4418,6929267036
4419,4419,6979088365
4420,4420,6979088367
4421,4421,7004393049
4422,4422,7050687060
4423,4423,7076060066
4424,4424,7076060068
4425,4425,7106818623
4426,4426,7106818626
4427,4427,7106818627
4428,4428,7132405535
4429,4429,7132405537
4430,4430,7132405547
4431,4431,7132405548
4432,4432,7132814246
4433,4433,7137281959
4434,4434,7137281963
4435,4435,7147636389
4436,4436,7194269381
4437,4437,7320943370
4438,4438,7372860100
4439,4439,7372860102
4440,4440,7476387556
4441,4441,7476469426
4442,4442,7476968854
4443,4443,7476968855
4444,4444,7477036738
4445,4445,7480301864
4446,4446,7480301865
4447,4447,7480301866
4448,4448,7480301986
4449,4449,7480301987
4450,4450,7480346927
4451,4451,7480410410
4452,4452,7490266268
4453,4453,7491182055
4454,4454,7491182059
4455,4455,7491225319
4456,4456,7499263656
4457,4457,7500756892
4458,4458,7529909890
4459,4459,7529909892
4460,4460,7529976543
4461,4461,7529976544
4462,4462,7541804760
4463,4463,7541804761
4464,4464,7541804762
4465,4465,7552138519
4466,4466,7553826299
4467,4467,7553907592
4468,4468,7553992429
4469,4469,7553992430
4470,4470,7554071446
4471,4471,7554071447
4472,4472,7554071448
4473,4473,7554088550
4474,4474,7554088551
4475,4475,7554088552
4476,4476,7554858679
4477,4477,7554858681
4478,4478,7554858682
4479,4479,7554858683
4480,4480,7557695119
4481,4481,7557695121
4482,4482,7557695123
4483,4483,7557695124
4484,4484,7557695126
4485,4485,7557695127
4486,4486,7598970693
4487,4487,7612925053
4488,4488,7616585434
4489,4489,7616688918
4490,4490,7620445877
4491,4491,7620540917
4492,4492,7620631148
4493,4493,7620631149
4494,4494,7641820943
4495,4495,7732243546
4496,4496,7732243558
4497,4497,7732243565
4498,4498,7732243573
4499,4499,7732243576
4500,4500,7732551670
4501,4501,7732571885
4502,4502,7732571914
4503,4503,7732571915
4504,4504,7732571917
4505,4505,7732571938
4506,4506,7732653969
4507,4507,7732653970
4508,4508,7732653971
4509,4509,7732654931
4510,4510,7732654932
4511,4511,7734633950
4512,4512,7734633955
4513,4513,7734748115
4514,4514,7734748123
4515,4515,7734748127
4516,4516,7738506172
4517,4517,7745197931
4518,4518,7745197939
4519,4519,7745197940
4520,4520,7745197942
4521,4521,7745197950
4522,4522,7777321715
4523,4523,7785782284
4524,4524,7801840675
4525,4525,7802856341
4526,4526,7802856349
4527,4527,7802856352
4528,4528,7802856356
4529,4529,7802856365
4530,4530,7802856372
4531,4531,7907957252
4532,4532,7925143983
4533,4533,7937558690
4534,4534,7937558691
4535,4535,8018964699
4536,4536,8122411159
4537,4537,8133385388
4538,4538,8262309043
4539,4539,8262936580
4540,4540,8262936586
4541,4541,8265114807
4542,4542,8316781084
4543,4543,8344404000
4544,4544,8344404001
4545,4545,8482948064
4546,4546,8603460185
4547,4547,8603460188
4548,4548,8648032265
4549,4549,8648032268
4550,4550,8677891126
4551,4551,8706869342
4552,4552,8828140387
4553,4553,8840333846
4554,4554,8840333851
4555,4555,8859016388
4556,4556,8880168155
4557,4557,8904913030
4558,4558,8996353563
4559,4559,9094916641
4560,4560,9097335851
4561,4561,9097335853
4562,4562,9121386334
4563,4563,9121386338
4564,4564,9140654137
4565,4565,9140864985
4566,4566,9143542440
4567,4567,9150629570
4568,4568,9153702893
4569,4569,9153856304
4570,4570,9153856316
4571,4571,9156860497
4572,4572,9166033061
4573,4573,9166033062
4574,4574,9166213997
4575,4575,9170816531
4576,4576,9170816532
4577,4577,9177424867
4578,4578,9177424868
4579,4579,9177540204
4580,4580,9179070580
4581,4581,9179070583
4582,4582,9338511504
4583,4583,9421943093
